Coordination,r1_c36,r2_c36,r3_c36
Tetrahedral,0.7,0.7,0.7
Tetrahedral,1.007,0.683,0.813
Tetrahedral,0.635,0.576,0.491
Tetrahedral,0.612,0.742,0.637
Tetrahedral,1.422,0.37,0.55
Tetrahedral,1.128,1.05,1.048
Tetrahedral,0.512,0.807,0.493
Tetrahedral,0.941,0.756,0.997
Tetrahedral,0.955,0.43,1.232
Tetrahedral,0.918,0.887,0.9
Tetrahedral,0.757,1.623,0.969
Tetrahedral,0.722,0.595,0.667
Tetrahedral,0.862,0.592,0.599
Tetrahedral,0.767,0.801,0.934
Tetrahedral,0.522,1.072,1.01
Tetrahedral,0.517,1.104,1.401
Tetrahedral,0.963,0.433,0.924
Tetrahedral,0.918,1.267,0.618
Tetrahedral,0.653,0.945,1.147
Tetrahedral,0.644,0.789,1.045
Tetrahedral,0.744,0.989,1.032
Tetrahedral,0.656,1.171,1.088
Tetrahedral,0.639,0.526,1.336
Tetrahedral,0.977,0.373,0.609
Tetrahedral,0.748,0.495,0.481
Tetrahedral,0.51,0.64,0.839
Tetrahedral,0.491,0.63,0.628
Tetrahedral,1.079,0.519,0.983
Tetrahedral,0.642,0.622,0.632
Tetrahedral,0.889,0.228,0.409
Tetrahedral,0.706,0.561,0.818
Tetrahedral,0.446,0.929,1.105
Tetrahedral,0.843,1.263,0.975
Tetrahedral,0.805,0.429,1.001
Tetrahedral,0.51,0.642,0.544
Tetrahedral,0.471,0.865,0.875
Tetrahedral,0.699,0.674,0.553
Tetrahedral,0.668,0.567,0.457
Tetrahedral,0.788,0.604,0.755
Tetrahedral,0.695,0.88,0.624
Tetrahedral,0.499,0.623,1.35
Tetrahedral,0.579,0.593,0.969
Tetrahedral,0.541,0.629,0.687
Tetrahedral,0.877,0.794,0.608
Tetrahedral,1.195,0.521,0.661
Tetrahedral,0.708,0.678,0.741
Tetrahedral,0.464,0.767,0.661
Tetrahedral,0.524,1.138,1.306
Tetrahedral,0.349,0.593,0.697
Tetrahedral,0.597,0.479,0.68
Tetrahedral,0.732,0.642,0.832
Tetrahedral,0.755,0.617,0.954
Tetrahedral,1.425,0.64,0.663
Tetrahedral,0.664,0.767,0.735
Tetrahedral,1.229,0.32,0.908
Tetrahedral,0.426,0.851,0.766
Tetrahedral,1.876,0.625,0.649
Tetrahedral,0.861,0.432,0.879
Tetrahedral,0.946,0.552,1.486
Tetrahedral,0.595,0.676,0.748
Tetrahedral,0.632,0.675,1.231
Tetrahedral,0.759,0.337,1.112
Tetrahedral,0.785,0.814,0.839
Tetrahedral,1.302,0.721,0.908
Tetrahedral,0.893,0.46,0.74
Tetrahedral,0.775,1.028,0.562
Tetrahedral,0.835,0.849,1.015
Tetrahedral,0.906,0.707,0.349
Tetrahedral,1.142,0.596,0.526
Tetrahedral,1.158,0.559,0.519
Tetrahedral,0.729,0.804,1.256
Tetrahedral,0.6,0.636,0.412
Tetrahedral,0.926,0.772,0.459
Tetrahedral,0.695,0.619,1.194
Tetrahedral,0.802,0.429,0.684
Tetrahedral,0.924,0.617,0.744
Tetrahedral,0.968,0.587,1.124
Tetrahedral,0.679,0.68,0.753
Tetrahedral,0.502,0.719,1.232
Tetrahedral,0.913,0.486,0.621
Tetrahedral,1.258,0.398,0.522
Tetrahedral,0.751,0.721,1.098
Tetrahedral,0.356,0.773,0.529
Tetrahedral,0.707,0.969,0.928
Tetrahedral,0.989,0.498,0.889
Tetrahedral,0.878,0.597,1.041
Tetrahedral,0.964,0.562,0.69
Tetrahedral,0.497,0.733,0.543
Tetrahedral,1.237,0.413,0.514
Tetrahedral,0.775,1.035,0.481
Tetrahedral,1.351,0.831,1.146
Tetrahedral,1.145,0.478,0.677
Tetrahedral,0.753,0.755,0.794
Tetrahedral,0.719,0.462,1.106
Tetrahedral,0.591,0.43,0.436
Tetrahedral,0.609,1.002,0.621
Tetrahedral,0.688,0.823,0.673
Tetrahedral,0.696,0.575,0.438
Tetrahedral,0.987,0.443,0.685
Tetrahedral,0.741,0.693,0.515
Tetrahedral,0.484,0.852,0.534
Tetrahedral,0.449,0.885,0.446
Tetrahedral,0.355,0.975,0.567
Tetrahedral,0.568,0.777,0.683
Tetrahedral,0.638,0.581,0.936
Tetrahedral,0.67,0.653,0.391
Tetrahedral,0.594,0.719,0.868
Tetrahedral,0.929,0.854,0.925
Tetrahedral,0.973,0.551,1.044
Tetrahedral,0.886,0.595,0.968
Tetrahedral,0.641,1.041,0.756
Tetrahedral,0.577,0.684,0.772
Tetrahedral,0.853,0.515,0.837
Tetrahedral,0.408,0.356,0.379
Tetrahedral,0.276,1.563,0.69
Tetrahedral,0.719,0.51,0.76
Tetrahedral,0.752,0.587,0.988
Tetrahedral,1.338,0.718,0.892
Tetrahedral,0.782,1.421,0.397
Tetrahedral,0.624,0.691,0.416
Tetrahedral,0.544,0.821,1.296
Tetrahedral,0.739,0.712,1.087
Tetrahedral,0.899,0.748,0.798
Tetrahedral,0.386,1.135,0.975
Tetrahedral,0.73,0.813,0.744
Tetrahedral,0.561,1.2,0.765
Tetrahedral,0.576,0.616,0.497
Tetrahedral,0.434,1.106,0.832
Tetrahedral,0.757,0.988,0.449
Tetrahedral,0.651,0.678,0.958
Tetrahedral,0.44,1.358,1.164
Tetrahedral,0.774,0.985,1.068
Tetrahedral,0.577,0.991,0.847
Tetrahedral,0.606,1.681,0.609
Tetrahedral,0.771,1.361,0.772
Tetrahedral,0.865,0.857,0.629
Tetrahedral,0.9,1.198,0.867
Tetrahedral,0.952,0.754,0.614
Tetrahedral,0.55,0.734,1.434
Tetrahedral,0.721,1.009,0.611
Tetrahedral,0.812,0.736,1.069
Tetrahedral,0.564,0.698,0.816
Tetrahedral,1.069,1.245,0.685
Tetrahedral,0.988,1.23,1.16
Tetrahedral,0.672,0.814,0.768
Tetrahedral,0.371,0.871,0.976
Tetrahedral,0.711,1.223,1.113
Tetrahedral,0.251,0.77,1.302
Tetrahedral,0.343,1.201,0.895
Tetrahedral,0.734,0.896,0.845
Tetrahedral,0.732,1.003,0.738
Tetrahedral,0.696,1.063,0.783
Tetrahedral,0.448,0.928,0.559
Tetrahedral,1.187,1.106,0.918
Tetrahedral,1.021,0.664,0.683
Tetrahedral,0.906,1.063,0.887
Tetrahedral,0.394,0.617,0.636
Tetrahedral,0.689,1.105,0.55
Tetrahedral,0.399,1.13,0.372
Tetrahedral,0.673,0.621,0.698
Tetrahedral,0.798,0.329,0.445
Tetrahedral,0.446,0.857,0.889
Tetrahedral,0.915,0.608,1.214
Tetrahedral,0.597,0.515,0.673
Tetrahedral,0.659,1.493,0.758
Tetrahedral,0.82,0.408,0.846
Tetrahedral,0.599,0.707,0.518
Tetrahedral,0.749,0.604,0.391
Tetrahedral,0.773,0.364,1.337
Tetrahedral,0.606,0.658,1.101
Tetrahedral,0.807,0.443,0.869
Tetrahedral,0.832,0.627,0.468
Tetrahedral,0.857,0.761,0.801
Tetrahedral,0.531,0.516,0.497
Tetrahedral,0.508,0.61,0.561
Tetrahedral,0.767,0.697,1.137
Tetrahedral,0.687,0.672,0.565
Tetrahedral,1.018,0.546,0.888
Tetrahedral,1.06,0.745,0.799
Tetrahedral,0.889,0.483,0.609
Tetrahedral,0.919,1.141,0.409
Tetrahedral,0.526,0.594,0.57
Tetrahedral,0.37,0.318,1.595
Tetrahedral,0.971,0.522,1.375
Tetrahedral,0.857,0.466,0.567
Tetrahedral,0.429,0.45,1.2
Tetrahedral,0.709,0.601,0.657
Tetrahedral,0.725,1.058,0.856
Tetrahedral,0.792,0.646,0.737
Tetrahedral,0.864,0.999,0.836
Tetrahedral,0.448,0.668,0.67
Tetrahedral,0.459,0.851,1.1
Tetrahedral,0.929,0.581,0.971
Tetrahedral,0.685,0.819,1.208
Tetrahedral,0.489,0.332,0.782
Tetrahedral,0.666,0.517,0.787
Tetrahedral,0.688,0.612,0.681
Tetrahedral,0.383,0.616,0.824
Tetrahedral,0.784,0.748,0.645
Tetrahedral,0.913,0.559,0.729
Tetrahedral,0.664,1.034,0.883
Tetrahedral,0.625,0.562,1.287
Tetrahedral,0.616,0.475,0.606
Tetrahedral,0.38,0.617,0.48
Tetrahedral,1.134,0.486,0.592
Tetrahedral,0.382,0.762,0.618
Tetrahedral,0.664,1.106,0.769
Tetrahedral,0.703,0.365,0.28
Tetrahedral,0.874,0.32,0.799
Tetrahedral,0.335,0.824,1.379
Tetrahedral,0.504,1.088,0.708
Tetrahedral,0.726,0.674,0.515
Tetrahedral,1.156,0.62,0.69
Tetrahedral,1.11,0.84,1.068
Tetrahedral,1.134,0.451,0.697
Tetrahedral,1.19,0.914,0.341
Tetrahedral,0.813,0.445,0.782
Tetrahedral,0.594,0.605,0.689
Tetrahedral,0.816,0.794,1.406
Tetrahedral,0.611,0.773,0.973
Tetrahedral,0.713,1.04,0.429
Tetrahedral,0.998,0.404,1.028
Tetrahedral,0.92,1.05,0.664
Tetrahedral,0.751,0.622,0.548
Tetrahedral,0.821,0.524,0.379
Tetrahedral,1.095,0.648,0.52
Tetrahedral,0.338,0.539,1.081
Tetrahedral,0.533,0.868,0.736
Tetrahedral,0.592,0.6,1.105
Tetrahedral,0.766,1.026,1.218
Tetrahedral,0.579,0.725,0.584
Tetrahedral,1.179,0.538,0.539
Tetrahedral,0.855,0.729,0.693
Tetrahedral,1.454,0.823,0.804
Tetrahedral,0.847,0.656,0.75
Tetrahedral,0.982,0.619,0.907
Tetrahedral,0.773,0.863,1.069
Tetrahedral,0.868,0.671,0.542
Tetrahedral,0.987,0.694,1.213
Tetrahedral,0.74,0.604,0.587
Tetrahedral,1.119,0.719,1.56
Tetrahedral,0.948,1.195,0.712
Tetrahedral,0.544,0.655,0.876
Tetrahedral,0.676,0.313,0.815
Tetrahedral,0.497,1.174,0.55
Tetrahedral,0.734,0.358,0.745
Tetrahedral,0.66,1.146,0.689
Tetrahedral,1.111,0.89,0.521
Tetrahedral,1.402,0.751,0.494
Tetrahedral,0.51,1.277,0.637
Tetrahedral,0.508,0.927,0.736
Tetrahedral,1.222,0.585,0.543
Tetrahedral,0.629,0.716,0.421
Tetrahedral,1.242,0.648,0.945
Tetrahedral,0.56,0.96,1.08
Tetrahedral,0.926,0.779,1.161
Tetrahedral,1.006,0.692,0.756
Tetrahedral,0.932,0.472,0.715
Tetrahedral,0.601,0.533,0.976
Tetrahedral,0.585,0.563,0.798
Tetrahedral,0.548,0.952,0.995
Tetrahedral,1.012,1.047,0.842
Tetrahedral,0.82,0.434,0.358
Tetrahedral,0.628,0.837,0.746
Tetrahedral,1.115,0.945,0.56
Tetrahedral,0.766,0.385,0.672
Tetrahedral,0.397,1.506,0.621
Tetrahedral,0.482,0.616,0.686
Tetrahedral,0.641,0.29,0.355
Tetrahedral,0.906,0.267,0.8
Tetrahedral,0.727,0.562,0.87
Tetrahedral,0.977,0.568,0.709
Tetrahedral,1.086,0.875,0.596
Tetrahedral,0.603,0.809,0.687
Tetrahedral,0.835,0.364,0.871
Tetrahedral,1.524,0.704,0.864
Tetrahedral,0.768,23.302,0.574
Tetrahedral,1.2,11.332,0.68
Tetrahedral,0.871,13.786,0.913
Tetrahedral,0.423,12.885,0.545
Tetrahedral,0.424,16.254,0.849
Tetrahedral,0.412,17.408,0.656
Tetrahedral,1.221,16.274,1.249
Tetrahedral,1.439,16.235,0.862
Tetrahedral,0.917,10.512,0.447
Tetrahedral,0.616,12.565,0.578
Tetrahedral,1.073,13.854,0.657
Tetrahedral,1.256,13.499,0.74
Tetrahedral,0.706,17.997,0.954
Tetrahedral,0.88,12.206,0.772
Tetrahedral,0.648,12.022,0.652
Tetrahedral,0.684,14.582,0.452
Tetrahedral,0.59,13.964,1.348
Tetrahedral,0.711,15.059,1.209
Tetrahedral,1.117,13.565,0.302
Tetrahedral,0.92,12.726,0.928
Tetrahedral,0.998,16.617,0.521
Tetrahedral,0.57,19.291,0.689
Tetrahedral,0.652,20.158,0.694
Tetrahedral,0.665,19.941,0.803
Tetrahedral,0.606,15.287,1.275
Tetrahedral,0.7,19.722,0.468
Tetrahedral,0.78,19.1,0.687
Tetrahedral,0.594,21.372,0.772
Tetrahedral,0.435,18.626,0.537
Tetrahedral,0.854,17.327,1.078
Tetrahedral,0.65,20.78,0.79
Tetrahedral,1.455,19.798,0.837
Tetrahedral,1.274,17.921,0.656
Tetrahedral,0.884,21.628,0.702
Tetrahedral,0.397,17.144,0.988
Tetrahedral,0.935,19.919,0.608
Tetrahedral,0.811,22.712,0.627
Tetrahedral,1.048,14.4,0.61
Tetrahedral,1.072,16.704,0.7
Tetrahedral,1.042,12.826,0.932
Tetrahedral,1.133,11.993,1.04
Tetrahedral,1.094,17.217,0.919
Tetrahedral,1.047,21.329,1.54
Tetrahedral,0.813,18.899,0.818
Tetrahedral,0.393,14.792,0.79
Tetrahedral,0.846,12.618,0.69
Tetrahedral,1.146,14.341,0.762
Tetrahedral,0.592,22.092,0.704
Tetrahedral,0.581,18.052,0.384
Tetrahedral,0.798,19.806,0.604
Tetrahedral,1.047,18.391,0.974
Tetrahedral,0.777,30.482,0.644
Tetrahedral,0.598,26.228,0.778
Tetrahedral,0.559,32.733,0.606
Tetrahedral,0.515,15.432,0.578
Tetrahedral,1.208,33.071,0.635
Tetrahedral,0.955,32.532,0.407
Tetrahedral,0.689,30.372,0.703
Tetrahedral,0.845,38.672,0.756
Tetrahedral,1.202,24.783,0.588
Tetrahedral,0.768,27.104,1.003
Tetrahedral,0.719,33.246,0.96
Tetrahedral,0.755,35.189,0.51
Tetrahedral,0.596,31.534,0.802
Tetrahedral,0.638,12.97,0.565
Tetrahedral,0.758,27.181,0.685
Tetrahedral,1.079,31.191,0.984
Tetrahedral,0.867,33.875,0.516
Tetrahedral,0.696,31.593,0.625
Tetrahedral,1.216,14.63,0.832
Tetrahedral,0.879,16.078,0.58
Tetrahedral,0.39,18.117,0.712
Tetrahedral,0.721,11.365,0.753
Tetrahedral,2.224,41.128,1.101
Tetrahedral,0.971,50.055,0.629
Tetrahedral,1.073,53.018,0.635
Tetrahedral,0.832,52.553,1.219
Tetrahedral,1.68,55.751,0.815
Tetrahedral,0.308,52.469,0.908
Tetrahedral,0.941,45.664,1.105
Tetrahedral,1.146,45.422,0.58
Tetrahedral,0.779,52.335,0.439
Tetrahedral,1.506,51.797,0.592
Tetrahedral,0.738,53.044,0.531
Tetrahedral,0.872,50.012,1.08
Tetrahedral,0.94,54.673,0.611
Tetrahedral,0.9,53.801,0.404
Tetrahedral,0.69,41.999,0.704
Tetrahedral,0.925,30.863,0.364
Tetrahedral,0.692,10.743,1.269
Tetrahedral,0.888,11.142,0.959
Tetrahedral,0.591,38.094,0.93
Tetrahedral,1.057,29.947,0.723
Tetrahedral,0.747,35.259,0.655
Tetrahedral,0.497,43.141,0.905
Tetrahedral,1.192,50.068,1.344
Tetrahedral,0.758,49.992,0.949
Tetrahedral,1.75,44.935,0.856
Tetrahedral,0.701,41.691,0.932
Tetrahedral,1.075,42.882,1.039
Tetrahedral,0.39,38.992,0.558
Tetrahedral,0.956,36.861,0.625
Tetrahedral,1.026,45.137,0.526
Tetrahedral,0.881,40.869,0.688
Tetrahedral,0.638,42.167,0.689
Tetrahedral,1.037,44.123,0.766
Tetrahedral,0.806,41.932,1.19
Tetrahedral,1.064,37.436,0.903
Tetrahedral,1.055,46.036,0.722
Tetrahedral,1.077,48.153,0.8
Tetrahedral,0.759,51.837,0.885
Tetrahedral,0.699,53.65,0.529
Tetrahedral,0.542,52.768,0.607
Tetrahedral,0.748,53.4,0.976
Tetrahedral,0.742,57.241,0.882
Tetrahedral,1.235,58.512,0.329
Tetrahedral,0.555,56.001,0.534
Tetrahedral,0.615,55.32,0.983
Tetrahedral,0.443,56.794,0.921
Tetrahedral,0.9,52.071,1.019
Tetrahedral,0.744,54.381,0.604
Tetrahedral,0.554,55.114,0.444
Tetrahedral,0.641,56.784,0.718
Tetrahedral,0.97,52.316,0.767
Tetrahedral,0.673,50.405,0.617
Tetrahedral,0.778,47.069,0.509
Tetrahedral,0.709,43.805,0.397
Tetrahedral,1.25,51.22,0.843
Tetrahedral,0.638,33.594,0.775
Tetrahedral,0.739,52.253,0.531
Tetrahedral,0.511,53.296,0.888
Tetrahedral,1.06,50.791,0.813
Tetrahedral,0.794,50.827,1.032
Tetrahedral,1.078,50.677,0.502
Tetrahedral,0.501,36.422,0.997
Tetrahedral,0.537,44.026,0.782
Tetrahedral,1.43,50.568,0.96
Tetrahedral,0.607,49.672,0.694
Tetrahedral,0.401,56.892,0.63
Tetrahedral,0.854,56.133,0.863
Tetrahedral,0.783,51.835,0.55
Tetrahedral,0.731,54.59,1.06
Tetrahedral,1.048,45.13,0.926
Tetrahedral,0.583,51.091,1.042
Tetrahedral,0.714,52.069,0.788
Tetrahedral,0.86,51.786,0.661
Tetrahedral,1.236,47.531,0.299
Tetrahedral,0.743,44.186,0.266
Tetrahedral,0.796,45.295,0.575
Tetrahedral,0.189,31.333,0.712
Tetrahedral,0.903,25.468,1.272
Tetrahedral,0.76,25.45,0.674
Tetrahedral,0.869,25.993,1.278
Tetrahedral,1.125,28.601,0.541
Tetrahedral,0.699,32.871,0.745
Tetrahedral,0.532,25.566,0.531
Tetrahedral,0.737,29.83,0.594
Tetrahedral,0.78,43.028,0.539
Tetrahedral,1.192,39.291,0.539
Tetrahedral,0.474,52.263,0.587
Tetrahedral,1.225,45.559,0.487
Tetrahedral,0.879,39.656,0.603
Tetrahedral,0.534,42.067,0.499
Tetrahedral,0.592,49.454,0.632
Tetrahedral,1.188,54.493,0.705
Tetrahedral,1.264,47.479,0.752
Tetrahedral,0.94,47.831,0.786
Tetrahedral,1.175,46.323,0.492
Tetrahedral,0.403,45.049,0.958
Tetrahedral,0.683,48.387,0.842
Tetrahedral,0.709,46.916,0.657
Tetrahedral,1.145,57.232,0.842
Tetrahedral,0.633,50.404,0.582
Tetrahedral,0.665,52.15,0.774
Tetrahedral,0.738,52.506,0.956
Tetrahedral,0.959,60.21,1.426
Tetrahedral,1.133,61.094,0.633
Tetrahedral,0.823,61.374,0.722
Tetrahedral,0.468,59.031,0.549
Tetrahedral,0.373,56.253,1.404
Tetrahedral,0.775,58.127,0.769
Tetrahedral,1.038,76.25,0.828
Tetrahedral,0.731,78.669,0.784
Tetrahedral,0.913,63.185,0.86
Tetrahedral,1.1,62.567,0.602
Tetrahedral,0.98,59.996,0.69
Tetrahedral,0.766,72.331,0.818
Tetrahedral,0.792,58.693,0.481
Tetrahedral,0.644,47.378,0.704
Tetrahedral,0.781,67.718,0.918
Tetrahedral,0.604,57.3,0.857
Tetrahedral,0.898,69.82,0.473
Tetrahedral,0.74,64.054,0.737
Tetrahedral,1.123,58.762,0.718
Tetrahedral,0.832,57.961,0.968
Tetrahedral,0.587,54.049,0.815
Tetrahedral,0.952,50.954,0.713
Tetrahedral,0.972,51.851,0.805
Tetrahedral,0.585,50.652,0.901
Tetrahedral,0.579,54.428,0.824
Tetrahedral,1.319,54.598,1.122
Tetrahedral,1.01,58.963,0.687
Tetrahedral,0.779,58.067,0.811
Tetrahedral,1.057,58.949,1.293
Tetrahedral,1.225,55.698,1.006
Tetrahedral,0.474,53.24,0.893
Tetrahedral,0.751,53.396,1.204
Tetrahedral,1.056,52.926,0.419
Tetrahedral,0.743,50.862,1.595
Tetrahedral,0.886,49.173,0.603
Tetrahedral,1.043,37.276,1.214
Tetrahedral,1.459,28.884,0.391
Tetrahedral,0.496,36.731,0.501
Tetrahedral,0.546,30.75,0.737
Tetrahedral,0.772,32.213,0.449
Tetrahedral,0.85,35.406,0.54
Tetrahedral,0.504,32.89,1.042
Tetrahedral,1.128,38.275,0.562
Tetrahedral,1.044,38.637,0.702
Tetrahedral,0.598,36.122,0.728
Tetrahedral,0.644,38.085,0.872
Tetrahedral,0.952,41.239,0.968
Tetrahedral,0.642,34.847,0.471
Tetrahedral,0.518,41.31,0.98
Tetrahedral,0.432,42.565,0.718
Tetrahedral,0.845,55.372,0.809
Tetrahedral,0.665,52.647,0.431
Tetrahedral,0.546,46.246,0.742
Tetrahedral,0.734,50.295,0.923
Tetrahedral,0.273,42.393,1.04
Tetrahedral,1.146,45.122,0.52
Tetrahedral,1.439,51.897,0.804
Tetrahedral,0.815,50.909,0.599
Tetrahedral,0.719,45.661,0.669
Tetrahedral,1.163,47.774,1.36
Tetrahedral,0.558,52.02,0.492
Tetrahedral,1.114,41.92,0.689
Tetrahedral,0.83,48.059,1.303
Tetrahedral,0.759,48.318,0.707
Tetrahedral,0.917,40.816,0.444
Tetrahedral,1.08,43.48,0.902
Tetrahedral,0.7,45.995,1.278
Tetrahedral,0.735,54.646,0.464
Tetrahedral,0.636,57.403,0.391
Tetrahedral,0.584,52.273,0.516
Tetrahedral,0.818,51.236,1.061
Tetrahedral,1.025,51.264,0.442
Tetrahedral,0.963,62.06,0.786
Tetrahedral,1.406,60.625,0.591
Tetrahedral,0.685,67.441,0.498
Tetrahedral,0.434,65.393,0.76
Tetrahedral,0.903,58.746,0.666
Tetrahedral,1.334,59.451,1.097
Tetrahedral,0.684,57.789,0.493
Tetrahedral,0.5,52.124,0.73
Tetrahedral,0.931,48.629,0.685
Tetrahedral,0.692,61.975,0.699
Tetrahedral,0.506,62.325,0.75
Tetrahedral,0.449,58.089,0.492
Tetrahedral,1.287,57.449,0.452
Tetrahedral,1.193,51.197,0.665
Tetrahedral,0.916,67.735,0.461
Tetrahedral,0.81,87.382,0.853
Tetrahedral,0.713,80.798,0.836
Tetrahedral,1.219,76.699,1.061
Tetrahedral,1.66,44.714,1.027
Tetrahedral,0.509,43.605,0.651
Tetrahedral,1.045,56.804,1.577
Tetrahedral,1.147,64.097,0.645
Tetrahedral,1.232,76.692,0.863
Tetrahedral,0.778,84.73,0.942
Tetrahedral,1.409,92.924,1.12
Tetrahedral,0.773,95.757,0.851
Tetrahedral,0.455,95.298,0.83
Tetrahedral,0.9,94.931,0.924
Tetrahedral,0.692,96.521,0.763
Tetrahedral,1.169,87.605,0.425
Tetrahedral,1.062,95.799,0.666
Tetrahedral,1.491,94.632,0.624
Tetrahedral,0.795,94.504,0.926
Tetrahedral,0.589,92.575,1
Tetrahedral,0.581,96.211,0.605
Tetrahedral,0.787,96.572,1.368
Tetrahedral,1.113,89.519,1.359
Tetrahedral,0.965,93.424,0.534
Tetrahedral,0.714,92.811,0.932
Tetrahedral,0.805,88.641,1.068
Tetrahedral,0.723,92.902,0.323
Tetrahedral,0.523,88.302,1.044
Tetrahedral,1.002,92.184,0.582
Tetrahedral,0.685,94.595,0.688
Tetrahedral,0.594,90.624,0.747
Tetrahedral,0.575,91.499,0.602
Tetrahedral,0.975,92.129,0.588
Tetrahedral,1.625,94.834,1.146
Tetrahedral,1.302,93.461,0.784
Tetrahedral,0.354,93.832,0.637
Tetrahedral,0.562,94.512,1.021
Tetrahedral,0.825,90.195,0.833
Tetrahedral,0.743,85.868,0.717
Tetrahedral,0.8,80.342,0.547
Tetrahedral,1.113,77.725,0.938
Tetrahedral,1.239,77.516,0.62
Tetrahedral,0.804,79.703,0.968
Tetrahedral,0.868,81.621,0.652
Tetrahedral,1.032,85.469,1.091
Tetrahedral,1.086,88.378,0.531
Tetrahedral,0.575,80.448,0.523
Tetrahedral,0.66,86.992,0.94
Tetrahedral,1.303,90.963,1.258
Tetrahedral,0.853,90.133,1
Tetrahedral,0.826,89.508,0.689
Tetrahedral,0.864,83.544,1.288
Tetrahedral,0.801,85.668,1.353
Tetrahedral,0.745,87.804,0.473
Tetrahedral,0.647,88.851,0.547
Tetrahedral,0.784,90.74,0.693
Tetrahedral,0.927,85.861,0.997
Tetrahedral,1.127,86.913,1.018
Tetrahedral,0.999,86.933,1.048
Tetrahedral,1.558,89.349,0.754
Tetrahedral,0.528,86.88,0.854
Tetrahedral,0.753,86.346,0.951
Tetrahedral,0.664,97.017,0.575
Tetrahedral,1.212,91.065,0.459
Tetrahedral,0.953,91.077,0.773
Tetrahedral,0.843,91.032,0.876
Tetrahedral,1.189,93.222,1.039
Tetrahedral,0.635,95.175,1.267
Tetrahedral,1.03,90.205,0.977
Tetrahedral,0.468,86.911,0.379
Tetrahedral,1.767,89.512,0.587
Tetrahedral,0.787,89.676,1.167
Tetrahedral,1.154,89.78,0.737
Tetrahedral,0.961,86.903,1.371
Tetrahedral,0.267,82.774,1.071
Tetrahedral,0.821,85.934,0.867
Tetrahedral,0.912,82.388,0.446
Tetrahedral,0.467,89.044,0.548
Tetrahedral,0.788,91.834,0.864
Tetrahedral,1.373,93.082,0.901
Tetrahedral,1.121,93.111,0.763
Tetrahedral,0.614,84.387,0.679
Tetrahedral,1.073,90.855,0.515
Tetrahedral,0.773,88.251,1.098
Tetrahedral,1.236,86.188,0.593
Tetrahedral,0.647,83.995,0.625
Tetrahedral,0.928,78.738,0.861
Tetrahedral,0.713,76.171,0.703
Tetrahedral,0.604,75.026,1.385
Tetrahedral,0.596,84.061,0.591
Tetrahedral,0.775,91.041,0.955
Tetrahedral,0.663,87.042,0.641
Tetrahedral,0.887,87.5,0.919
Tetrahedral,1.392,86.001,1.063
Tetrahedral,0.787,90.498,0.482
Tetrahedral,0.524,88.422,0.872
Tetrahedral,0.797,90.419,0.751
Tetrahedral,0.828,90.88,0.468
Tetrahedral,0.566,90.32,0.823
Tetrahedral,1.359,93.211,0.414
Tetrahedral,0.63,93.981,0.674
Tetrahedral,0.992,95.439,0.633
Tetrahedral,0.849,94.752,0.549
Tetrahedral,0.893,93.962,1.017
Tetrahedral,1.222,94.039,0.609
Tetrahedral,1.081,94.947,0.66
Tetrahedral,1.47,96.889,0.522
Tetrahedral,0.989,94.55,0.834
Tetrahedral,0.698,91.911,0.689
Tetrahedral,0.844,92.77,0.673
Tetrahedral,0.519,91.221,0.808
Tetrahedral,0.542,94.532,0.711
Tetrahedral,1.256,94.096,0.832
Tetrahedral,0.511,94.559,0.836
Tetrahedral,1.159,94.517,0.684
Tetrahedral,0.989,93.808,0.589
Tetrahedral,0.826,93.657,0.293
Tetrahedral,0.808,91.134,0.464
Tetrahedral,0.726,94.901,0.354
Tetrahedral,0.458,94.35,0.543
Tetrahedral,0.489,95.078,0.618
Tetrahedral,0.902,91.537,0.628
Tetrahedral,1.1,92.5,0.629
Tetrahedral,1.171,94.302,0.623
Tetrahedral,0.777,93.048,0.64
Tetrahedral,1.169,90.192,0.956
Tetrahedral,0.97,92.793,0.316
Tetrahedral,0.736,89.755,0.352
Tetrahedral,1.299,87.785,0.586
Tetrahedral,0.946,91.162,0.629
Tetrahedral,1.048,90.899,0.421
Tetrahedral,1.037,88.134,0.407
Tetrahedral,0.704,91.802,0.862
Tetrahedral,0.69,92.917,0.602
Tetrahedral,1.28,90.441,0.959
Tetrahedral,0.626,83.255,0.751
Tetrahedral,1.226,89.073,0.71
Tetrahedral,0.705,92.474,0.542
Tetrahedral,1.134,92.614,0.764
Tetrahedral,1.216,91.63,0.521
Tetrahedral,0.801,91.67,0.793
Tetrahedral,0.402,90.303,0.741
Tetrahedral,1.537,92.484,0.611
Tetrahedral,0.672,95.142,0.498
Tetrahedral,1.584,96.235,0.329
Tetrahedral,1.124,92.854,0.958
Tetrahedral,0.803,90.981,0.581
Tetrahedral,0.746,93.493,1.07
Tetrahedral,0.844,98.343,0.657
Tetrahedral,0.621,98.506,0.854
Tetrahedral,1.269,90.205,0.545
Tetrahedral,1.069,97.94,0.631
Tetrahedral,0.842,97.918,0.558
Tetrahedral,1.349,95.831,0.405
Tetrahedral,0.733,96.141,1
Tetrahedral,0.655,82.78,0.443
Tetrahedral,0.857,97.201,0.812
Tetrahedral,0.766,98.241,0.534
Tetrahedral,0.428,97.873,0.762
Tetrahedral,0.96,98.36,0.861
Tetrahedral,0.549,98.269,0.427
Tetrahedral,0.677,96.592,0.599
Tetrahedral,0.939,97.942,0.924
Tetrahedral,0.931,98.098,0.56
Tetrahedral,0.499,97.164,0.406
Tetrahedral,1.464,96.505,0.849
Tetrahedral,0.652,92.951,0.728
Tetrahedral,0.81,96.218,0.76
Tetrahedral,0.694,90.441,0.922
Tetrahedral,1.63,96.186,0.602
Tetrahedral,0.953,91.397,0.796
Tetrahedral,0.859,97.737,0.732
Tetrahedral,0.839,96.288,0.839
Tetrahedral,0.589,96.689,0.731
Tetrahedral,1.255,94.988,0.881
Tetrahedral,2.061,95.471,1.032
Tetrahedral,1.239,97.099,0.721
Tetrahedral,1.191,97.222,0.846
Tetrahedral,0.839,93.761,0.573
Tetrahedral,0.531,92.304,0.68
Tetrahedral,0.942,89.396,0.489
Tetrahedral,0.921,97.84,0.59
Tetrahedral,0.935,93.315,0.426
Tetrahedral,1.079,63.022,0.328
Tetrahedral,0.876,83.456,1.328
Tetrahedral,1.086,73.051,0.584
Tetrahedral,0.573,77.273,0.776
Tetrahedral,0.765,80.331,0.707
Tetrahedral,0.755,91.661,0.504
Tetrahedral,0.675,85.145,0.725
Tetrahedral,0.57,87.142,0.489
Tetrahedral,0.744,91.544,1.241
Tetrahedral,1.037,93.081,0.426
Tetrahedral,0.732,87.638,0.432
Tetrahedral,0.768,91.214,0.679
Tetrahedral,1.347,85.414,0.353
Tetrahedral,0.393,91.048,0.573
Tetrahedral,0.995,86.491,0.775
Tetrahedral,1.022,89.996,0.839
Tetrahedral,0.73,89.959,0.757
Tetrahedral,0.621,87.574,0.597
Tetrahedral,0.551,86.467,0.798
Tetrahedral,1.162,85.773,0.702
Tetrahedral,0.899,86.231,0.855
Tetrahedral,0.515,84.109,1.343
Tetrahedral,1.176,85.479,0.574
Tetrahedral,0.731,84.908,1.256
Tetrahedral,0.765,88.805,0.887
Tetrahedral,1.167,84.233,0.647
Tetrahedral,1.134,88.5,0.942
Tetrahedral,0.97,83.177,0.472
Tetrahedral,0.703,87.7,0.949
Tetrahedral,0.766,87.842,0.411
Tetrahedral,0.79,85.91,0.911
Tetrahedral,0.861,85.854,0.849
Tetrahedral,1.049,83.019,0.579
Tetrahedral,1.238,84.74,0.643
Tetrahedral,0.708,84.892,0.625
Tetrahedral,0.804,84.863,0.87
Tetrahedral,0.74,87.347,0.632
Tetrahedral,0.557,81.109,0.576
Tetrahedral,0.945,87.556,0.603
Tetrahedral,1.243,85.375,0.968
Tetrahedral,0.919,87.572,0.825
Tetrahedral,0.876,85.56,0.729
Tetrahedral,0.962,89.631,1.114
Tetrahedral,0.532,87.473,0.901
Tetrahedral,1.098,89.335,0.661
Tetrahedral,0.774,86.22,0.552
Tetrahedral,1.31,93.726,1.053
Tetrahedral,0.924,92.884,0.723
Tetrahedral,1.108,96.66,0.915
Tetrahedral,0.775,94.935,0.756
Tetrahedral,0.871,94.231,0.61
Tetrahedral,0.947,86.464,0.815
Tetrahedral,1.287,90.332,0.515
Tetrahedral,1.048,80.881,0.498
Tetrahedral,0.546,87.681,0.928
Tetrahedral,0.852,86.212,0.98
Tetrahedral,0.393,88.39,0.317
Tetrahedral,0.897,85.765,0.271
Tetrahedral,1.17,82.808,0.662
Tetrahedral,0.978,83.488,0.822
Tetrahedral,1.171,76.077,0.436
Tetrahedral,0.874,78.069,0.749
Tetrahedral,0.717,74.986,1.058
Tetrahedral,0.44,77.045,0.647
Tetrahedral,0.884,84.661,0.657
Tetrahedral,0.489,89.335,0.669
Tetrahedral,0.357,89.476,0.462
Tetrahedral,0.964,97.305,0.807
Tetrahedral,0.667,88.336,0.603
Tetrahedral,0.837,88.922,0.889
Tetrahedral,1.006,85.204,0.512
Tetrahedral,0.786,88.154,0.711
Tetrahedral,0.929,89.264,0.585
Tetrahedral,0.374,90.65,0.82
Tetrahedral,0.828,88.296,0.729
Tetrahedral,0.606,88.923,0.44
Tetrahedral,1.114,90.687,0.653
Tetrahedral,0.382,86.59,1.048
Tetrahedral,0.897,91.466,0.876
Tetrahedral,0.899,92.805,0.549
Tetrahedral,0.612,90.881,0.714
Tetrahedral,1.054,92.548,0.747
Tetrahedral,0.717,93.227,0.803
Tetrahedral,0.671,89.406,0.822
Tetrahedral,0.693,92.205,0.682
Tetrahedral,1.13,91.944,0.437
Tetrahedral,1.153,91.942,0.696
Tetrahedral,0.976,91.794,0.426
Tetrahedral,0.519,89.768,1.265
Tetrahedral,0.514,88.977,0.714
Tetrahedral,0.469,90.386,0.719
Tetrahedral,0.968,90.525,1.03
Tetrahedral,0.655,90.272,0.57
Tetrahedral,0.816,91.307,1.062
Tetrahedral,1.476,90.871,0.853
Tetrahedral,1.516,90.12,0.525
Tetrahedral,0.736,89.226,0.63
Tetrahedral,0.778,88.449,0.597
Tetrahedral,1.156,87.605,1.216
Tetrahedral,0.751,88.618,0.994
Tetrahedral,0.775,84.422,0.978
Tetrahedral,0.77,83.245,0.563
Tetrahedral,0.672,84.813,0.433
Tetrahedral,0.901,87.994,0.911
Tetrahedral,0.606,85.831,0.758
Tetrahedral,0.636,85.441,1.081
Tetrahedral,0.518,90.706,0.995
Tetrahedral,0.923,86.206,0.42
Tetrahedral,0.774,82.079,1.104
Tetrahedral,0.839,44.389,0.523
Tetrahedral,1.288,56.182,0.821
Tetrahedral,0.646,80.339,0.737
Tetrahedral,1.05,81.719,0.272
Tetrahedral,0.483,83.887,0.6
Tetrahedral,0.713,79.712,0.901
Tetrahedral,0.619,95.72,0.825
Tetrahedral,0.719,93.358,0.736
Tetrahedral,0.822,88.502,0.733
Tetrahedral,0.81,83.826,0.345
Tetrahedral,0.804,83.91,0.466
Tetrahedral,0.723,79.422,0.544
Tetrahedral,0.845,80.343,0.364
Tetrahedral,0.92,76.889,0.7
Tetrahedral,0.814,68.075,0.965
Tetrahedral,0.583,73.32,0.749
Tetrahedral,0.701,77.597,0.955
Tetrahedral,0.796,82.584,1.001
Tetrahedral,0.645,82.534,0.81
Tetrahedral,0.958,82.351,0.693
Tetrahedral,1.085,78.525,0.751
Tetrahedral,0.688,72.389,0.713
Tetrahedral,0.628,67.324,1.196
Tetrahedral,0.765,51.231,0.912
Tetrahedral,0.64,61.088,0.582
Tetrahedral,1.197,47.416,0.507
Tetrahedral,1.212,56.665,0.942
Tetrahedral,0.942,66.552,0.485
Tetrahedral,0.586,54.729,0.837
Tetrahedral,0.66,66.215,0.705
Tetrahedral,1.136,37.266,0.738
Tetrahedral,0.279,74.381,0.551
Tetrahedral,0.89,78.159,0.683
Tetrahedral,0.889,97.47,0.945
Tetrahedral,0.779,91.691,0.845
Tetrahedral,0.998,84.945,1.027
Tetrahedral,0.727,88.167,0.654
Tetrahedral,1.252,80.664,0.876
Tetrahedral,1.153,94.153,0.488
Tetrahedral,0.291,88.739,1.094
Tetrahedral,0.727,90.876,0.448
Tetrahedral,0.965,85.084,0.455
Tetrahedral,1.089,92.225,0.957
Tetrahedral,0.635,93.169,0.784
Tetrahedral,1.195,96.814,0.53
Tetrahedral,0.753,96.869,0.789
Tetrahedral,0.809,96.883,0.761
Tetrahedral,0.987,96.997,0.333
Tetrahedral,0.768,95.68,0.428
Tetrahedral,0.798,95.24,0.397
Tetrahedral,0.572,92.556,0.761
Tetrahedral,0.318,93.499,0.886
Tetrahedral,0.477,95.787,0.428
Tetrahedral,0.903,94.42,0.734
Tetrahedral,1.12,92.784,0.825
Tetrahedral,1.179,90.428,0.493
Tetrahedral,0.729,91.138,0.506
Tetrahedral,1.241,88.435,0.566
Tetrahedral,1.266,84.305,0.472
Tetrahedral,0.581,83.592,0.239
Tetrahedral,1.017,88.874,0.493
Tetrahedral,0.818,83.512,0.728
Tetrahedral,1.098,82.655,0.338
Tetrahedral,0.791,89.059,0.676
Tetrahedral,1.023,97.292,1.12
Tetrahedral,1.016,93.133,0.507
Tetrahedral,0.705,92.707,0.503
Tetrahedral,1.041,88.364,1.034
Tetrahedral,0.997,88.58,0.726
Tetrahedral,1.177,86.522,0.416
Tetrahedral,1.088,90.311,0.688
Tetrahedral,1.018,89.399,0.554
Tetrahedral,0.666,88.572,0.655
Tetrahedral,0.548,87.447,0.452
Tetrahedral,0.706,88.178,0.697
Tetrahedral,0.855,86.004,0.609
Tetrahedral,0.636,81.694,0.411
Tetrahedral,0.667,57.505,0.695
Tetrahedral,0.408,62.58,0.733
Tetrahedral,1.004,54.909,0.444
Tetrahedral,0.953,50.562,0.779
Tetrahedral,0.827,48,0.456
Tetrahedral,0.789,49.305,0.529
Tetrahedral,1.045,36.505,0.412
Tetrahedral,0.756,42.406,0.891
Tetrahedral,0.599,38.543,0.486
Tetrahedral,0.677,33.867,0.671
Tetrahedral,1.369,28.336,0.651
Tetrahedral,1.147,30.573,0.55
Tetrahedral,0.736,42.79,0.656
Tetrahedral,0.928,53.427,0.381
Tetrahedral,1.006,69.501,0.672
Tetrahedral,0.856,97.184,0.431
Tetrahedral,0.73,95.848,0.448
Tetrahedral,0.988,95.826,0.698
Tetrahedral,0.661,96.411,0.409
Tetrahedral,1.397,95.266,0.494
Tetrahedral,0.46,93.712,0.643
Tetrahedral,0.84,92.499,0.805
Tetrahedral,0.499,92.992,0.328
Tetrahedral,0.863,91.422,0.559
Tetrahedral,1.451,90.744,0.526
Tetrahedral,0.985,92.048,0.621
Tetrahedral,0.756,94.174,1.026
Tetrahedral,0.881,92.246,0.668
Tetrahedral,1.002,88.36,0.788
Tetrahedral,0.665,93.899,0.527
Tetrahedral,0.82,93.961,0.736
Tetrahedral,0.663,93.206,0.902
Tetrahedral,0.499,98.188,0.701
Tetrahedral,0.873,95.995,0.808
Tetrahedral,0.921,89.435,0.582
Tetrahedral,0.794,76.064,0.282
Tetrahedral,0.936,92.291,0.854
Tetrahedral,0.774,84.786,0.414
Tetrahedral,0.548,85.321,0.508
Tetrahedral,0.671,92.215,0.931
Tetrahedral,0.845,92.422,0.751
Tetrahedral,0.771,89.381,0.552
Tetrahedral,0.695,88.142,0.715
Tetrahedral,0.742,78.17,0.253
Tetrahedral,1.252,95.704,0.466
Tetrahedral,0.829,93.066,0.265
Tetrahedral,0.612,93.482,0.667
Tetrahedral,0.422,90.086,0.624
Tetrahedral,0.544,85.695,0.596
Tetrahedral,0.995,89.351,0.738
Tetrahedral,0.404,86.248,0.539
Tetrahedral,0.631,85.298,0.847
Tetrahedral,0.945,83.497,0.465
Tetrahedral,0.55,87.655,0.394
Tetrahedral,0.728,89.169,0.378
Tetrahedral,0.466,82.6,0.608
Tetrahedral,0.88,85.051,0.521
Tetrahedral,0.598,79.632,0.894
Tetrahedral,1.786,79.077,0.384
Tetrahedral,1.051,85.975,0.228
Tetrahedral,0.658,85.988,0.507
Tetrahedral,0.522,91.597,0.361
Tetrahedral,0.649,90.084,0.643
Tetrahedral,0.962,87.024,0.555
Tetrahedral,0.96,93.595,0.598
Tetrahedral,1.254,91.635,0.387
Tetrahedral,0.251,94.855,0.273
Tetrahedral,1.211,97.315,0.93
Tetrahedral,1.297,96.048,0.508
Tetrahedral,1.547,92.597,0.29
Tetrahedral,0.771,87.536,0.848
Tetrahedral,1.127,95.251,0.804
Tetrahedral,0.401,96.324,0.621
Tetrahedral,0.655,77.62,0.899
Tetrahedral,0.705,69.179,0.361
Tetrahedral,1.194,47.122,0.369
Tetrahedral,0.57,68.733,0.446
Tetrahedral,0.712,59.616,0.218
Tetrahedral,0.717,77.988,0.861
Tetrahedral,0.866,81.003,0.636
Tetrahedral,1.382,81.348,0.649
Tetrahedral,0.755,84.101,1.422
Tetrahedral,0.535,70.595,0.496
Tetrahedral,1.079,66.269,0.81
Tetrahedral,0.605,70.846,0.53
Tetrahedral,0.774,57.921,0.615
Tetrahedral,0.475,40.64,0.382
Tetrahedral,0.887,45.004,0.467
Tetrahedral,0.619,33.653,0.81
Tetrahedral,1.177,44.462,0.743
Tetrahedral,1.671,48.689,0.428
Tetrahedral,1.627,49.149,0.616
Tetrahedral,0.702,67.662,0.395
Tetrahedral,1.317,67.29,0.319
Tetrahedral,1.19,64.342,0.921
Seesaw,8.189,8.189,8.189
Seesaw,7.237,8.323,8.44
Seesaw,7.91,8.625,8.348
Seesaw,8.662,8.634,7.578
Seesaw,7.351,7.787,8.732
Seesaw,6.641,7.435,8.604
Seesaw,8.673,7.083,8.342
Seesaw,8.285,7.212,8.759
Seesaw,7.742,8.375,8.049
Seesaw,7.313,6.761,7.673
Seesaw,7.868,5.849,7.949
Seesaw,7.741,8.309,8.937
Seesaw,7.047,8.485,7.255
Seesaw,8.12,7.886,7.369
Seesaw,8.103,6.311,7.716
Seesaw,8.777,7.022,6.422
Seesaw,8.19,9.097,7.656
Seesaw,7.856,7.604,8.394
Seesaw,8.068,7.116,6.41
Seesaw,8.541,7.391,7.865
Seesaw,7.77,6.344,6.881
Seesaw,7.771,5.785,6.622
Seesaw,8.112,8.824,6.15
Seesaw,7.919,9.036,8.985
Seesaw,9.043,8.961,8.896
Seesaw,8.094,8.096,8.006
Seesaw,7.52,7.238,7.841
Seesaw,8.114,8.598,7.848
Seesaw,8.683,8.916,8.019
Seesaw,7.874,8.957,8.48
Seesaw,7.867,6.965,8.329
Seesaw,9.432,8.857,8.037
Seesaw,7.024,6.119,8.955
Seesaw,8.667,8.358,6.698
Seesaw,7.773,8.814,8.213
Seesaw,8.663,6.753,6.906
Seesaw,8.667,7.324,7.886
Seesaw,8.93,7.968,7.521
Seesaw,8.461,7.522,7.724
Seesaw,8.615,7.936,6.792
Seesaw,8.251,7.882,6.81
Seesaw,8.235,9.078,8.421
Seesaw,9.096,7.733,7.947
Seesaw,8.075,8.504,8.417
Seesaw,6.67,8.64,8.233
Seesaw,8.727,7.54,7.909
Seesaw,8.725,8.121,8.467
Seesaw,8.29,8.472,7.479
Seesaw,9.274,8.139,7.942
Seesaw,8.917,9.196,7.261
Seesaw,7.37,8.841,7.995
Seesaw,7.257,8.864,7.469
Seesaw,7.675,7.705,8.206
Seesaw,8.969,8.742,7.478
Seesaw,8.395,8.83,7.303
Seesaw,8.451,7.037,7.236
Seesaw,5.106,8.274,7.186
Seesaw,8.596,8.14,7.679
Seesaw,7.516,9.044,5.013
Seesaw,8.605,8.04,7.252
Seesaw,7.701,7.591,6.851
Seesaw,7.684,8.222,7.496
Seesaw,8.919,7.26,6.392
Seesaw,6.226,7.293,8.217
Seesaw,7.513,8.677,7.707
Seesaw,6.916,7.97,7.87
Seesaw,7.705,7.06,6.85
Seesaw,8.084,8.569,8.624
Seesaw,7.812,8.545,8.283
Seesaw,5.894,7.858,7.863
Seesaw,7.708,6.426,6.463
Seesaw,6.81,7.597,8.855
Seesaw,8.072,8.368,7.728
Seesaw,8.023,8.1,5.561
Seesaw,7.461,8.546,7.728
Seesaw,7.199,7.22,7.848
Seesaw,6.873,8.539,6.947
Seesaw,7.624,9.145,8.522
Seesaw,7.656,8.032,6.509
Seesaw,7.108,8.031,8.515
Seesaw,6.5,8.759,8.268
Seesaw,8.248,8.458,6.5
Seesaw,8.746,7.599,8.525
Seesaw,6.917,8.166,6.214
Seesaw,7.012,8.261,7.549
Seesaw,7.595,8.062,6.947
Seesaw,6.476,8.107,8.499
Seesaw,7.647,8.131,8.529
Seesaw,6.655,8.517,8.032
Seesaw,8.2,6.962,9.085
Seesaw,7.692,8.996,6.17
Seesaw,6.341,8.771,8
Seesaw,8.039,7.462,8.852
Seesaw,8.242,8.632,7.083
Seesaw,9.022,8.34,8.212
Seesaw,8.701,8.427,8.578
Seesaw,7.086,7.034,8.51
Seesaw,8.623,9.191,8.05
Seesaw,5.986,8.959,7.772
Seesaw,7.386,8.262,8.644
Seesaw,8.309,7.436,7.749
Seesaw,8.846,7.953,9.317
Seesaw,9.232,6.631,8.034
Seesaw,8.46,8.404,7.246
Seesaw,7.838,8.845,7.018
Seesaw,8.022,9.262,8.013
Seesaw,8.26,8.684,7.651
Seesaw,7.321,6.91,7.253
Seesaw,8.496,8.228,6.135
Seesaw,7.548,8.15,7.64
Seesaw,7.992,7.415,7.324
Seesaw,8.506,8.408,8.475
Seesaw,7.129,8.399,7.87
Seesaw,9.11,8.749,8.82
Seesaw,7.937,4.826,7.356
Seesaw,8.358,7.69,6.878
Seesaw,7.508,8.474,7.599
Seesaw,6.819,8.459,7.933
Seesaw,7.923,6.932,8.115
Seesaw,7.19,7.339,8.649
Seesaw,8.43,7.382,6.476
Seesaw,8.018,7.957,8.271
Seesaw,7.027,7.461,8.033
Seesaw,8.323,7.854,7.667
Seesaw,6.867,7.635,6.857
Seesaw,8.776,7.683,8.099
Seesaw,9.23,7.989,8.614
Seesaw,8.328,6.85,6.496
Seesaw,8.305,8.535,8.415
Seesaw,8.124,8.055,7.988
Seesaw,8.662,6.345,7.419
Seesaw,7.522,7.267,8.246
Seesaw,7.451,6.031,8.859
Seesaw,9.032,6.28,7.229
Seesaw,7.382,6.387,7.761
Seesaw,6.844,8.572,8.093
Seesaw,8.498,6.359,8.418
Seesaw,6.931,7.724,7.655
Seesaw,7.906,8.217,6.343
Seesaw,8.113,6.283,8.221
Seesaw,6.737,7.509,6.66
Seesaw,8.901,8.524,7.779
Seesaw,7.066,8.326,9.143
Seesaw,7.763,6.66,6.88
Seesaw,7.183,8.431,6.44
Seesaw,8.854,7.526,9.082
Seesaw,8.523,7.397,8.145
Seesaw,8.831,7.677,8.093
Seesaw,8.659,7.931,7.996
Seesaw,7.178,8.575,7.566
Seesaw,8.303,6.798,8.671
Seesaw,7.248,7.284,7.863
Seesaw,8.122,8.22,9.006
Seesaw,7.206,7.659,8.341
Seesaw,8.326,8.676,8.123
Seesaw,7.957,7.969,7.845
Seesaw,7.98,8.207,8.109
Seesaw,8.052,6.457,8.936
Seesaw,9.016,8.71,7.612
Seesaw,7.097,8.515,7.494
Seesaw,8.044,8.647,8.729
Seesaw,8.777,8.311,7.586
Seesaw,8.071,7.434,6.819
Seesaw,8.034,8.544,8.417
Seesaw,7.033,5.929,7.452
Seesaw,7.806,9.377,8.894
Seesaw,8.128,7.523,9.021
Seesaw,6.835,8.476,8.873
Seesaw,9.183,8.572,7.455
Seesaw,8.319,8.593,7.683
Seesaw,7.594,8.406,7.634
Seesaw,7.386,7.979,8.66
Seesaw,7.717,7.566,7.053
Seesaw,8.378,9.141,8.729
Seesaw,7.976,7.712,7.911
Seesaw,8.032,8.984,7.947
Seesaw,8.255,8.728,8.427
Seesaw,6.615,8.231,7.444
Seesaw,7.86,8.317,7.42
Seesaw,7.479,7.634,8.066
Seesaw,7.196,7.855,8.568
Seesaw,8.721,8.224,9.426
Seesaw,9.085,8.758,6.822
Seesaw,8.777,7.898,5.178
Seesaw,7.346,8.393,7.285
Seesaw,8.955,8.799,7.058
Seesaw,7.646,8.269,7.472
Seesaw,8.513,5.889,8.196
Seesaw,7.178,7.473,8.008
Seesaw,7.133,7.243,7.178
Seesaw,8.939,7.021,8.161
Seesaw,7.955,7.763,7.901
Seesaw,7.747,8.037,8.044
Seesaw,8.684,7.839,6.214
Seesaw,9.087,8.223,7.812
Seesaw,8.757,7.983,7.718
Seesaw,8.637,8.213,8.639
Seesaw,8.156,8.036,8.192
Seesaw,8.27,8.068,8.161
Seesaw,7.33,8.565,8.477
Seesaw,7.485,6.681,7.685
Seesaw,8.24,8.767,7.136
Seesaw,8.411,8.143,8.686
Seesaw,7.819,8.772,8.174
Seesaw,7.475,9.279,7.862
Seesaw,8.712,7.951,8.146
Seesaw,8.036,7.446,8.541
Seesaw,7.67,8.741,8.993
Seesaw,7.657,9.689,8.015
Seesaw,9.246,9.062,6.738
Seesaw,8.105,8.097,7.671
Seesaw,8.265,8.055,8.635
Seesaw,8.187,8.682,8.406
Seesaw,7.927,7.578,6.073
Seesaw,6.282,8.736,8.237
Seesaw,8.172,6.902,8.136
Seesaw,8.005,8.361,6.95
Seesaw,8.89,9.133,7.501
Seesaw,8.523,6.967,6.343
Seesaw,8.111,7.76,7.885
Seesaw,8.24,8.105,9.136
Seesaw,7.39,8.943,6.221
Seesaw,7.088,7.7,8.245
Seesaw,8.708,7.335,8.766
Seesaw,8.08,8.91,8.511
Seesaw,8.041,7.954,7.616
Seesaw,8.92,8.891,6.928
Seesaw,8.975,7.122,7.895
Seesaw,8.174,7.689,8.013
Seesaw,6.91,8.129,6.747
Seesaw,8.864,6.921,6.831
Seesaw,5.983,7.804,8.89
Seesaw,7.229,8.396,8.216
Seesaw,6.614,7.924,7.887
Seesaw,8.252,7.443,8.357
Seesaw,7.182,7.561,8.788
Seesaw,6.551,8.018,8.09
Seesaw,7.73,7.618,8.452
Seesaw,8.238,8.036,5.905
Seesaw,8.513,8.419,8.126
Seesaw,5.748,8.311,7.491
Seesaw,5.883,7.624,8.779
Seesaw,7.991,8.924,8.03
Seesaw,8.359,9.008,6.947
Seesaw,7.62,7.695,7.902
Seesaw,7.454,8.465,7.025
Seesaw,8.885,7.287,7.91
Seesaw,6.371,6.848,8.008
Seesaw,5.394,8.481,8.402
Seesaw,7.794,7.182,7.565
Seesaw,7.948,7.3,8.716
Seesaw,7.498,7.796,8.867
Seesaw,8.365,7.709,9.136
Seesaw,5.834,8.779,7.728
Seesaw,8.43,7.162,7.705
Seesaw,7.826,7.424,7.519
Seesaw,6.642,8.502,8.107
Seesaw,7.599,8.765,8.404
Seesaw,9.076,7.998,8.06
Seesaw,7.788,7.471,7.578
Seesaw,7.994,8.34,6.884
Seesaw,6.758,7.704,8.142
Seesaw,8.378,9.013,8.625
Seesaw,8.007,7.662,7.965
Seesaw,8.075,7.131,8.99
Seesaw,8.338,8.03,8.703
Seesaw,8.911,6.971,8.229
Seesaw,8.614,8.313,8.112
Seesaw,8.133,9.026,8.53
Seesaw,8.555,9.045,8.699
Seesaw,8.097,8.942,8.446
Seesaw,8.329,8.637,7.62
Seesaw,8.125,7.252,7.149
Seesaw,9.09,7.266,7.717
Seesaw,7.528,8.76,7.712
Seesaw,5.915,7.08,7.135
Seesaw,7.776,21.598,7.889
Seesaw,7.592,15.533,8.146
Seesaw,8.579,18.056,8.72
Seesaw,8.403,18.418,7.669
Seesaw,9.229,20.58,8.463
Seesaw,8.199,22.591,7.069
Seesaw,7.258,21.602,8.53
Seesaw,7.927,22.023,7.863
Seesaw,7.726,15.457,8.511
Seesaw,8.102,14.996,8.223
Seesaw,7.543,16.95,9.053
Seesaw,6.473,17.84,7.515
Seesaw,8.157,19.687,7.885
Seesaw,7.447,16.56,7.995
Seesaw,8.251,18.341,8.82
Seesaw,7.974,17.85,8.422
Seesaw,7.83,17.585,5.732
Seesaw,8.609,15.956,8.113
Seesaw,7.29,15.933,9.313
Seesaw,6.682,17.28,8.318
Seesaw,8.003,20.36,9.307
Seesaw,8.479,21.456,8.192
Seesaw,8.458,22.432,8.161
Seesaw,8.009,18.836,7.495
Seesaw,8.237,17.959,6.909
Seesaw,7.31,20.28,8.771
Seesaw,6.859,20.546,6.979
Seesaw,8.163,19.141,8.001
Seesaw,7.684,21.734,8.404
Seesaw,8.137,19.406,8.111
Seesaw,8.048,19.841,8.283
Seesaw,5.91,17.475,7.752
Seesaw,7.993,20.621,8.161
Seesaw,8.12,19.746,7.957
Seesaw,9.071,19.29,7.879
Seesaw,7.523,18.879,8.324
Seesaw,8.009,17.445,7.621
Seesaw,7.728,18.946,7.869
Seesaw,8.03,21.625,7.357
Seesaw,8.001,18.231,6.7
Seesaw,6.806,17.715,6.535
Seesaw,6.819,20.641,7.419
Seesaw,7.272,26.317,6.533
Seesaw,8.435,18.358,8.31
Seesaw,8.519,20.045,8.086
Seesaw,7.267,19.167,7.758
Seesaw,7.195,20.434,6.986
Seesaw,8.414,22.708,7.738
Seesaw,8.316,18.902,8.578
Seesaw,7.567,15.882,7.608
Seesaw,7.336,14.999,7.279
Seesaw,6.864,23.014,8.747
Seesaw,7.658,23.222,8.189
Seesaw,8.723,25.865,9.071
Seesaw,8.172,18.855,8.437
Seesaw,6.215,22.846,7.965
Seesaw,8.201,26.532,8.997
Seesaw,8.689,22.625,7.723
Seesaw,6.615,29.312,7.559
Seesaw,5.806,24.917,8.103
Seesaw,8.63,24.794,6.775
Seesaw,6.597,23.795,8.49
Seesaw,8.457,27.688,8.602
Seesaw,8.379,21.859,8.285
Seesaw,7.562,15.682,8.524
Seesaw,7.691,26.085,8.463
Seesaw,7.56,24.644,8.2
Seesaw,7.803,23.494,7.483
Seesaw,8.45,20.238,8.676
Seesaw,7.288,20.773,8.065
Seesaw,7.179,22.086,8.928
Seesaw,8.575,17.074,8.298
Seesaw,8.503,14.743,7.768
Seesaw,6.127,33.362,7.426
Seesaw,7.724,35.75,8.31
Seesaw,7.455,43.528,9.079
Seesaw,7.873,38.558,8.56
Seesaw,6.32,44.376,7.5
Seesaw,8.804,36.62,7.81
Seesaw,8.892,39.086,7.624
Seesaw,6.933,35.044,8.54
Seesaw,8.115,41.084,9.153
Seesaw,6.021,39.917,7.863
Seesaw,7.761,43.91,8.38
Seesaw,8.357,37.914,8.555
Seesaw,8.114,45.064,8.733
Seesaw,7.192,43.417,8.818
Seesaw,6.642,29.784,8.013
Seesaw,7.486,13.233,8.732
Seesaw,7.259,5.252,7.678
Seesaw,6.49,5.003,7.851
Seesaw,7.649,27.556,7.972
Seesaw,7.417,25.558,8.278
Seesaw,8.667,32.529,7.781
Seesaw,8.866,36.751,6.883
Seesaw,7.947,42.398,7.45
Seesaw,7.764,43.126,7.774
Seesaw,6.803,36.42,7.485
Seesaw,8.186,35.706,8.094
Seesaw,7.372,36.125,7.107
Seesaw,8.29,35.759,7.953
Seesaw,7.046,33.978,8.236
Seesaw,7.517,38.184,8.876
Seesaw,6.241,32.825,7.039
Seesaw,8.388,38.468,8.638
Seesaw,8.815,38.234,8.089
Seesaw,8.322,36.437,7.642
Seesaw,8.502,33.657,8.505
Seesaw,8.18,40.711,8.933
Seesaw,6.698,41.9,9.029
Seesaw,7.079,43.052,7.296
Seesaw,8.584,46.544,8.383
Seesaw,8.045,45.88,8.196
Seesaw,8.172,45.694,6.954
Seesaw,8.804,47.176,7.501
Seesaw,8.113,49.312,9.111
Seesaw,7.288,46.55,7.558
Seesaw,8.525,47.479,6.523
Seesaw,8.96,48.274,7.381
Seesaw,9.021,40.607,6.779
Seesaw,8.178,45.219,8.826
Seesaw,8.881,47.885,8.262
Seesaw,8.051,46.378,8.337
Seesaw,7.956,43.755,8.395
Seesaw,8.425,42.921,7.863
Seesaw,7.751,33.682,8.834
Seesaw,7.885,28.851,7.67
Seesaw,5.75,39.465,7.088
Seesaw,8.473,15.024,6.869
Seesaw,8.109,43.358,8.4
Seesaw,8.013,46.68,7.943
Seesaw,7.382,41.441,8.287
Seesaw,7.737,41.407,7.429
Seesaw,7.407,43.515,8.787
Seesaw,7.611,25.642,6.967
Seesaw,7.703,34.332,8.36
Seesaw,5.936,41.777,7.516
Seesaw,8.316,42.663,7.504
Seesaw,9.145,47.613,7.695
Seesaw,8.302,48.851,8.622
Seesaw,7.073,44.016,8.447
Seesaw,8.831,42.641,7.622
Seesaw,8.477,38.725,7.63
Seesaw,8.5,44.782,7.963
Seesaw,7.67,43.1,7.822
Seesaw,6.593,40.253,8.48
Seesaw,6.539,39.305,9.417
Seesaw,7.939,36.437,8.464
Seesaw,8.514,36.634,8.155
Seesaw,8.649,26.741,8.049
Seesaw,6.994,23.346,8.474
Seesaw,8.167,21.235,8.815
Seesaw,7.046,20.105,7.594
Seesaw,7.428,23.015,8.255
Seesaw,7.955,29.379,8.317
Seesaw,7.963,25.012,8.941
Seesaw,8.262,26.041,8.988
Seesaw,7.938,34.865,8.748
Seesaw,8.481,32.063,8.767
Seesaw,8.32,40.156,7.39
Seesaw,8.121,39.229,8.326
Seesaw,7.365,34.558,8.929
Seesaw,7.658,20.964,7.872
Seesaw,8.16,27.769,7.755
Seesaw,6.633,31.06,8.55
Seesaw,7.729,23.731,9.251
Seesaw,7.705,37.575,6.946
Seesaw,7.699,34.728,8.848
Seesaw,8.079,27.431,8.522
Seesaw,7.212,31.672,8.343
Seesaw,8.369,27.982,8.103
Seesaw,8.292,41.153,7.509
Seesaw,8.189,36.873,8.124
Seesaw,8.107,32.665,8.598
Seesaw,7.361,35.197,7.862
Seesaw,7.206,39.297,5.32
Seesaw,8.078,49.913,8.234
Seesaw,8.343,48.939,7.663
Seesaw,8.427,50.648,8.853
Seesaw,8.926,37.147,7.133
Seesaw,7.828,37.638,7.971
Seesaw,7.832,56.023,8.339
Seesaw,7.152,64.923,8.497
Seesaw,8.138,45.209,6.649
Seesaw,7.315,50.577,8.246
Seesaw,7.104,45.809,8.97
Seesaw,8.279,63.363,7.377
Seesaw,7.478,44.715,8.952
Seesaw,7.759,36.482,8.411
Seesaw,7.597,51.839,7.677
Seesaw,8.046,45.089,8.614
Seesaw,8.396,54.035,8.095
Seesaw,8.103,47.941,8.761
Seesaw,8.628,43.336,7.727
Seesaw,6.748,45.315,8.538
Seesaw,7.715,35.199,6.862
Seesaw,7.063,35.202,8.88
Seesaw,7.426,37.076,8.542
Seesaw,7.444,41.036,8.192
Seesaw,8.528,35.82,7.871
Seesaw,6.364,42.969,6.86
Seesaw,8.048,42.797,8.096
Seesaw,7.676,39.533,7.367
Seesaw,7.562,43.587,6.649
Seesaw,7.136,37.565,7.493
Seesaw,8.571,38.759,6.734
Seesaw,8.894,41.993,6.861
Seesaw,7.047,37.455,7.993
Seesaw,7.904,39.527,7.467
Seesaw,8.019,38.764,7.486
Seesaw,8.156,26.342,7.621
Seesaw,7.69,24.131,8.872
Seesaw,8.751,27.968,8.705
Seesaw,7.741,21.738,7.572
Seesaw,7.751,22.751,8.154
Seesaw,7.934,26.042,7.591
Seesaw,8.804,25.427,6.41
Seesaw,7.591,28.96,8.101
Seesaw,8.074,32.044,7.713
Seesaw,8.051,31.848,7.722
Seesaw,8.661,30.739,7.722
Seesaw,8.168,33.489,8.014
Seesaw,7.909,29.849,8.717
Seesaw,8.734,32.751,7.521
Seesaw,8.942,32.05,7.459
Seesaw,8.231,45.422,8.546
Seesaw,6.562,42.539,8.776
Seesaw,8.693,36.24,8.001
Seesaw,8.049,41.564,8.585
Seesaw,8.324,32.382,8.108
Seesaw,7.471,27.46,7.063
Seesaw,6.474,36.483,7.768
Seesaw,8.457,31.824,8.958
Seesaw,8.495,29.44,8.561
Seesaw,7.391,30.603,6.2
Seesaw,8.292,33.985,7.974
Seesaw,8.627,27.384,6.976
Seesaw,7.71,37.059,7.16
Seesaw,8.122,32.155,7.668
Seesaw,7.207,27.326,7.951
Seesaw,6.67,25.635,7.43
Seesaw,8.062,30.442,6.381
Seesaw,9.037,39.143,8.65
Seesaw,8.162,39.789,9.278
Seesaw,9.033,35.421,9.245
Seesaw,8.318,39.827,7.279
Seesaw,7.076,42.322,8.833
Seesaw,7.894,51.227,8.939
Seesaw,6.853,47.857,7.539
Seesaw,7.52,57.269,8.429
Seesaw,8.714,58.76,8
Seesaw,7.449,49.835,7.619
Seesaw,5.777,50.898,8.139
Seesaw,7.942,48.154,8.377
Seesaw,8.736,45.955,8.523
Seesaw,7.062,40.031,7.384
Seesaw,8.971,48.976,8.206
Seesaw,8.569,49.21,8.02
Seesaw,8.241,47.888,8.977
Seesaw,7.514,48.151,9.035
Seesaw,6.121,38.114,8.697
Seesaw,7.651,56.98,8.794
Seesaw,7.779,74.239,7.217
Seesaw,8.747,68.684,7.313
Seesaw,5.759,67.569,7.542
Seesaw,4.867,36.822,6.76
Seesaw,8.722,32.451,8.251
Seesaw,8.117,44.646,6.689
Seesaw,7.369,50.481,9.17
Seesaw,7.796,63.153,7.066
Seesaw,8.067,71.341,6.57
Seesaw,6.52,81.127,8.101
Seesaw,8.1,85.589,7.774
Seesaw,8.586,85.79,7.379
Seesaw,8.362,84.765,7.417
Seesaw,7.422,86.976,7.414
Seesaw,6.251,81.299,9.514
Seesaw,6.184,88.55,7.804
Seesaw,7.702,86.287,8.41
Seesaw,7.669,86.475,8.026
Seesaw,7.996,83.269,6.826
Seesaw,7.411,86.516,9.034
Seesaw,8.852,87.078,6.142
Seesaw,8.783,80.505,7.169
Seesaw,7.014,84.931,8.794
Seesaw,7.844,84.176,8.118
Seesaw,8.45,77.256,6.564
Seesaw,7.647,85.966,8.018
Seesaw,7.86,78.253,6.64
Seesaw,7.508,84.214,7.998
Seesaw,7.372,86.284,7.749
Seesaw,7.525,79.579,6.965
Seesaw,8.573,79.895,7.785
Seesaw,7.01,80.441,8.182
Seesaw,6.062,85.418,7.742
Seesaw,7.256,83.511,8.762
Seesaw,8.227,84.76,8.9
Seesaw,8.293,88.116,7.484
Seesaw,7.34,78.38,7.858
Seesaw,8.257,73.666,7.01
Seesaw,6.926,68.128,8.905
Seesaw,6.781,62.851,8.232
Seesaw,6.662,63.326,7.116
Seesaw,8.078,63.982,7.044
Seesaw,8.156,68.421,7.061
Seesaw,8.311,72.868,7.442
Seesaw,7.457,75.36,8.331
Seesaw,7.989,65.05,7.507
Seesaw,7.758,71.611,6.564
Seesaw,7.143,78.727,6.204
Seesaw,7.825,78.278,8.482
Seesaw,8.142,80.073,7.253
Seesaw,6.723,72.37,8.094
Seesaw,8.251,73.099,6.642
Seesaw,8.436,76.932,9.162
Seesaw,8.438,75.803,7.776
Seesaw,7.666,80.576,7.423
Seesaw,8.235,74.24,8.484
Seesaw,7.544,76.027,5.861
Seesaw,8.082,76.387,7.588
Seesaw,6.163,78.773,8.31
Seesaw,8.826,75.818,7.901
Seesaw,8.321,73.119,8.638
Seesaw,8.125,89.209,8.781
Seesaw,7.658,78.567,8.517
Seesaw,6.822,78.538,7.955
Seesaw,7.867,78.645,7.773
Seesaw,7.044,84.661,8.358
Seesaw,8.263,86.066,6.781
Seesaw,7.908,76.654,8.325
Seesaw,7.635,74.103,8.536
Seesaw,5.879,78.763,8.422
Seesaw,6.867,78.072,6.194
Seesaw,7.405,77.702,8.076
Seesaw,8.212,72.753,6.258
Seesaw,8.732,72.887,8.185
Seesaw,8.1,77.467,6.122
Seesaw,6.661,69.804,8.861
Seesaw,8.277,75.19,8.881
Seesaw,8.292,78.015,7.228
Seesaw,7.257,81.503,7.637
Seesaw,7.085,81.4,6.56
Seesaw,8.665,68.147,6.98
Seesaw,6.362,79.858,8.062
Seesaw,7.277,76.022,7.349
Seesaw,7.545,71.056,7.88
Seesaw,8.735,70.163,7.697
Seesaw,7.234,62.068,5.937
Seesaw,8.349,60.097,8.072
Seesaw,8.561,56.37,5.716
Seesaw,7.977,68.92,7.682
Seesaw,7.024,77.855,8.189
Seesaw,8.258,72.788,7.69
Seesaw,7.576,76.367,6.968
Seesaw,6.647,75.06,7.81
Seesaw,8.029,81.239,8.243
Seesaw,8.627,78.541,7.367
Seesaw,7.992,80.968,7.758
Seesaw,8.728,82.447,8.782
Seesaw,8.354,79.26,8.347
Seesaw,5.374,83.001,8.892
Seesaw,8.082,84.391,8.516
Seesaw,8.29,86.81,7.025
Seesaw,8.882,85.799,7.77
Seesaw,7.433,84.88,7.087
Seesaw,6.545,84.831,7.913
Seesaw,5.739,83.717,8.009
Seesaw,6.125,87.222,8.441
Seesaw,7.892,85.821,8.449
Seesaw,8.016,82.628,8.306
Seesaw,7.117,83.143,8.241
Seesaw,8.039,81.283,8.459
Seesaw,8.176,84.451,8.741
Seesaw,7.218,83.416,9.059
Seesaw,8.115,84.633,7.835
Seesaw,6.871,85.169,7.662
Seesaw,7.239,83.341,8.686
Seesaw,7.494,82.229,9.351
Seesaw,8.462,78.846,9.165
Seesaw,8.231,85.51,8.689
Seesaw,8.315,84.612,8.053
Seesaw,8.193,83.557,8.399
Seesaw,8.498,78.196,8.235
Seesaw,7.833,81.232,8.245
Seesaw,7.765,83.69,8.312
Seesaw,8.608,83.216,8.394
Seesaw,7.657,79.858,8.359
Seesaw,7.489,79.986,7.912
Seesaw,8.277,77.207,8.703
Seesaw,6.768,74.793,7.662
Seesaw,7.833,80.383,7.572
Seesaw,7.917,79.38,9.317
Seesaw,7.069,73.609,9.17
Seesaw,6.77,79.444,8.301
Seesaw,7.542,82.708,8.521
Seesaw,7.079,77.333,7.05
Seesaw,7.352,72.668,7.573
Seesaw,7.032,75.552,7.81
Seesaw,8.758,80.706,8.155
Seesaw,6.742,78.45,7.239
Seesaw,7.464,76.93,8.383
Seesaw,6.917,78.929,8.054
Seesaw,8.821,76.263,7.158
Seesaw,6.22,80.202,7.063
Seesaw,8.243,82.471,8.241
Seesaw,6.737,86.055,8.764
Seesaw,7.488,79.39,8.493
Seesaw,7.06,77.834,8.576
Seesaw,8.158,81.68,7.775
Seesaw,7.322,92.606,8.571
Seesaw,8.292,92.681,8.702
Seesaw,6.124,75.9,8.257
Seesaw,6.425,90.784,8.381
Seesaw,7.533,90.84,8.586
Seesaw,7.113,87.612,8.746
Seesaw,7.034,88.177,8.362
Seesaw,8.24,69.686,8.336
Seesaw,8.113,89.703,8.434
Seesaw,8.738,91.769,8.332
Seesaw,8.855,90.924,7.568
Seesaw,8.146,92.201,7.673
Seesaw,8.646,91.753,8.366
Seesaw,8.155,88.42,8.805
Seesaw,8.645,90.232,7.359
Seesaw,6.652,90.867,8.125
Seesaw,9.067,89.275,8.305
Seesaw,8.063,88.783,7.227
Seesaw,7.334,83.618,7.975
Seesaw,7.681,86.463,7.991
Seesaw,8.563,79.564,8.606
Seesaw,6.261,89.591,7.532
Seesaw,7.392,83.098,8.135
Seesaw,6.556,91.45,7.582
Seesaw,8.048,88.023,7.777
Seesaw,7.74,87.458,8.302
Seesaw,5.951,83.615,7.769
Seesaw,5.628,84.059,6.832
Seesaw,6.895,88.414,8.066
Seesaw,8.076,90.418,8.577
Seesaw,6.484,82.884,8.558
Seesaw,8.713,80.564,8.225
Seesaw,8.29,74.171,8.571
Seesaw,7.808,91.647,8.078
Seesaw,7.518,84.448,8.55
Seesaw,7.521,56.343,8.922
Seesaw,7.808,73.973,6.706
Seesaw,7.934,60.593,8.268
Seesaw,8.472,60.366,7.866
Seesaw,8.433,64.524,8.127
Seesaw,7.191,80.424,8.672
Seesaw,7.728,70.691,8.456
Seesaw,7.638,73.748,8.279
Seesaw,8.041,78.573,7.166
Seesaw,7.276,83.506,9.106
Seesaw,7.812,76.496,9.142
Seesaw,8.652,79.986,8.8
Seesaw,6.825,73.576,8.711
Seesaw,9.174,77.107,8.453
Seesaw,7.721,74.986,8.032
Seesaw,7.89,78.786,7.848
Seesaw,8.365,78.462,7.954
Seesaw,7.325,73.393,8.55
Seesaw,8.901,75.741,7.594
Seesaw,8.408,75.216,7.949
Seesaw,7.123,73.359,7.573
Seesaw,7.737,71.975,7.857
Seesaw,6.185,72.592,7.939
Seesaw,6.962,72.972,6.855
Seesaw,8.75,78.691,7.382
Seesaw,6.748,70.295,7.466
Seesaw,7.841,77.679,7.462
Seesaw,7.728,71.841,8.692
Seesaw,7.896,78.385,7.727
Seesaw,8.351,78.112,8.334
Seesaw,8.12,73.372,7.762
Seesaw,8,75.92,8.685
Seesaw,7.176,71.52,7.461
Seesaw,6.561,73.138,7.677
Seesaw,8.091,72.995,8.269
Seesaw,8.552,71.678,7.286
Seesaw,8.574,73.767,8.029
Seesaw,8.567,68.928,8.399
Seesaw,7.802,73.438,8.429
Seesaw,6.217,71.543,7.049
Seesaw,7.394,75.817,7.334
Seesaw,7.897,73.75,8.625
Seesaw,6.843,76.809,6.96
Seesaw,7.727,73.732,5.905
Seesaw,6.193,77.665,8.585
Seesaw,7.505,72.517,8.194
Seesaw,7.789,83.983,7.455
Seesaw,7.186,82.195,9.025
Seesaw,7.1,88.952,8.228
Seesaw,7.177,85.608,8.138
Seesaw,7.798,84.162,8.182
Seesaw,8.79,76.246,7.911
Seesaw,6.621,80.802,9.304
Seesaw,7.357,63.518,8.754
Seesaw,8.388,76.608,7.39
Seesaw,7.753,72.48,7.776
Seesaw,8.938,74.155,8.447
Seesaw,8.409,71.826,9.246
Seesaw,6.562,70.478,8.852
Seesaw,8.417,70.968,7.728
Seesaw,7.551,66.718,8.391
Seesaw,8.347,64.278,9.096
Seesaw,6.82,60.677,7.106
Seesaw,9.167,66.776,8.588
Seesaw,7.329,76.35,8.57
Seesaw,8.204,80.541,8.139
Seesaw,8.71,76.906,7.914
Seesaw,7.516,90.293,8.18
Seesaw,8.448,76.055,8.489
Seesaw,7.857,81.352,7.853
Seesaw,7.9,75.854,8.483
Seesaw,8.164,79.226,8.467
Seesaw,8.32,78.209,7.635
Seesaw,8.186,79.96,8.065
Seesaw,7.489,77.634,7.339
Seesaw,8.192,79.545,9.287
Seesaw,6.936,81.404,7.997
Seesaw,8.864,76.452,7.309
Seesaw,7.865,82.817,8.669
Seesaw,7.167,83.141,9.21
Seesaw,7.768,81.416,8.354
Seesaw,7.659,82.498,8.831
Seesaw,8.514,83.588,7.556
Seesaw,8.081,78.372,8.022
Seesaw,8.005,81.844,8.25
Seesaw,6.852,82.012,8.678
Seesaw,6.678,81.413,7.975
Seesaw,6.877,81.103,8.85
Seesaw,8.03,78.889,6.785
Seesaw,9.035,78.048,8.688
Seesaw,7.515,79.36,6.76
Seesaw,8.211,77.953,7.443
Seesaw,8.254,77.756,8.957
Seesaw,6.464,79.357,8.004
Seesaw,6.954,79.877,8.345
Seesaw,6.146,78.746,8.572
Seesaw,8.384,77.964,8.373
Seesaw,7.613,76.18,8.95
Seesaw,6.217,75.046,7.62
Seesaw,8.301,76.086,8.706
Seesaw,6.802,67.73,7.904
Seesaw,6.516,70.075,8.166
Seesaw,8.278,70.137,8.632
Seesaw,7.751,75.298,7.842
Seesaw,8.689,72.028,8.451
Seesaw,8.175,72.182,7.631
Seesaw,7.511,79.461,6.582
Seesaw,7.552,74.807,8.457
Seesaw,7.204,68.842,6.885
Seesaw,8.116,34.624,8.649
Seesaw,6.641,47.823,6.582
Seesaw,7.25,73.575,8.995
Seesaw,7.938,70.322,8.534
Seesaw,8.796,72.9,7.815
Seesaw,6.777,65.075,7.904
Seesaw,8.035,88.361,8.287
Seesaw,8.626,82.529,8.432
Seesaw,7.826,79.758,7.609
Seesaw,8.105,69.964,9.078
Seesaw,6.915,64.215,8.571
Seesaw,7.314,63.725,7.552
Seesaw,7.281,69.319,8.292
Seesaw,7.8,64.46,7.024
Seesaw,8.864,54.803,7.66
Seesaw,8.339,60.758,7.412
Seesaw,7.545,68.903,8.211
Seesaw,6.915,72.657,5.961
Seesaw,8.714,74.085,7.998
Seesaw,8.077,74.002,7.314
Seesaw,7.927,65.651,7.959
Seesaw,8.781,56.95,8.435
Seesaw,8.928,52.312,8.183
Seesaw,8.382,30.22,8.125
Seesaw,7.93,50.429,8.621
Seesaw,7.581,30.855,8.335
Seesaw,8.859,33.719,7.741
Seesaw,7.982,51.64,8.804
Seesaw,8.721,40.068,6.911
Seesaw,8.37,53.719,9.028
Seesaw,7.384,25.071,8.125
Seesaw,8.172,60.846,8.672
Seesaw,8.166,67.147,7.63
Seesaw,7.586,89.564,6.608
Seesaw,8.627,84.476,8.524
Seesaw,6.833,74.926,8.044
Seesaw,8.5,80.677,8.072
Seesaw,7.092,69.861,6.514
Seesaw,7.765,86.767,7.616
Seesaw,8.963,80.636,7.027
Seesaw,8.211,81.312,8.928
Seesaw,8.06,75.492,8.584
Seesaw,7.427,85.183,7.78
Seesaw,8.096,85.63,6.815
Seesaw,7.065,89.303,8.168
Seesaw,8.144,88.017,8.648
Seesaw,7.942,88.243,8.139
Seesaw,7.743,89.792,8.617
Seesaw,8.712,87.934,8.827
Seesaw,7.517,87.948,8.002
Seesaw,7.97,80.306,8.059
Seesaw,9.068,81.485,7.082
Seesaw,9.11,86.531,8.198
Seesaw,8.186,86.067,8.113
Seesaw,6.436,82.157,8.524
Seesaw,7.649,81.668,8.696
Seesaw,8.568,81.008,8.566
Seesaw,5.666,78.029,7.449
Seesaw,7.16,72.269,8.63
Seesaw,8.411,71.254,9.484
Seesaw,7.723,79.933,8.968
Seesaw,8.396,73.443,7.474
Seesaw,7.931,72.865,8.647
Seesaw,8.088,80.159,8.473
Seesaw,8.575,90.224,8.28
Seesaw,6.473,85.011,8.287
Seesaw,8.207,85.22,8.646
Seesaw,6.578,79.607,7.074
Seesaw,7.89,78.119,6.987
Seesaw,7.921,75.813,8.308
Seesaw,7.203,79.785,8.732
Seesaw,7.633,79.653,8.938
Seesaw,8.695,79.373,9.111
Seesaw,8.458,77.079,8.691
Seesaw,8.741,79.041,9.295
Seesaw,7.245,74.392,8.303
Seesaw,7.775,68.317,8.477
Seesaw,7.85,40.856,8.175
Seesaw,8.48,47.255,7.549
Seesaw,6.653,41.532,8.936
Seesaw,6.906,38.994,7.164
Seesaw,8.454,29.741,9.319
Seesaw,7.512,32.665,8.572
Seesaw,7.985,30.597,7.978
Seesaw,8.16,24.959,7.091
Seesaw,8.199,25.748,9.093
Seesaw,7.937,23.948,9.014
Seesaw,7.587,11.29,6.39
Seesaw,8.538,26.662,8.135
Seesaw,7.987,33.34,8.002
Seesaw,7.94,34.023,8.663
Seesaw,7.299,57.855,7.715
Seesaw,7.559,90.465,9.174
Seesaw,8.617,88.327,8.774
Seesaw,7.651,87.733,8.226
Seesaw,9.077,88.981,8.638
Seesaw,7.275,86.248,7.39
Seesaw,8.846,83.065,9.181
Seesaw,7.483,83.248,7.565
Seesaw,8.661,84.575,8.667
Seesaw,6.078,81.697,8.3
Seesaw,7.651,81.032,9.189
Seesaw,7.73,80.716,7.819
Seesaw,9.032,85.559,5.969
Seesaw,7.227,82.164,7.508
Seesaw,9.101,80.204,7.319
Seesaw,7.383,84.14,9.444
Seesaw,8.269,83.767,8.445
Seesaw,8.312,82.16,7.727
Seesaw,8.611,90.944,8.389
Seesaw,8.612,88.423,7.563
Seesaw,8.285,81.027,8.681
Seesaw,8.028,70.53,9.262
Seesaw,7.513,84.778,6.812
Seesaw,8.686,75.865,8.059
Seesaw,9.158,78.438,8.371
Seesaw,8.441,84.444,8.048
Seesaw,6.643,84.061,9.074
Seesaw,7.562,82.186,8.005
Seesaw,8.438,78.473,8.528
Seesaw,8.729,70.459,8.634
Seesaw,7.232,88.041,9.013
Seesaw,7.297,82.703,8.884
Seesaw,7.848,85.795,8.141
Seesaw,9.072,82.141,8.535
Seesaw,9.046,78.062,7.241
Seesaw,7.471,80.949,7.719
Seesaw,9.133,73.881,8.973
Seesaw,7.327,70.165,7.337
Seesaw,6.783,69.38,8.678
Seesaw,9.098,74.04,8.243
Seesaw,7.972,75.95,8.87
Seesaw,8.794,68.972,8.923
Seesaw,7.727,71.798,8.681
Seesaw,8.179,65.947,7.066
Seesaw,6.448,62.658,8.604
Seesaw,7.765,72.277,9.386
Seesaw,8.879,69.718,8.881
Seesaw,8.248,77.781,8.571
Seesaw,7.768,76.392,8.547
Seesaw,6.811,72.474,8.579
Seesaw,7.701,81.508,7.776
Seesaw,7.621,78.334,9.298
Seesaw,9.262,85.397,9.055
Seesaw,8.634,90.507,7.149
Seesaw,6.377,88.119,8.419
Seesaw,7.432,84.224,8.631
Seesaw,7.818,78.904,7.007
Seesaw,7.253,87.014,7.652
Seesaw,8.908,86.353,7.794
Seesaw,8.209,56.282,7.92
Seesaw,8.371,52.032,8.715
Seesaw,8.656,25.829,8.889
Seesaw,7.854,52.328,8.422
Seesaw,8.758,44.368,9.076
Seesaw,7.207,67.315,8.613
Seesaw,7.361,69.228,9.164
Seesaw,7.192,69.493,8.623
Seesaw,7.476,71.745,6.338
Seesaw,7.985,65.74,8.047
Seesaw,7.68,55.193,7.587
Seesaw,8.959,61.095,8.431
Seesaw,8.48,50.078,8.104
Seesaw,7.814,24.935,9.32
Seesaw,7.301,26.04,7.908
Seesaw,8.636,15.762,7.992
Seesaw,7.339,28.138,8.026
Seesaw,6.944,29.868,8.395
Seesaw,6.646,34.506,8.333
Seesaw,8.671,57.257,8.99
Seesaw,6.983,57.208,9.36
Seesaw,7.334,57.104,7.916
V-trigonal-bipyramid,1.964,1.964,1.964
V-trigonal-bipyramid,2.286,2.527,1.766
V-trigonal-bipyramid,1.821,2.493,2.148
V-trigonal-bipyramid,2.268,2.521,2.079
V-trigonal-bipyramid,1.308,3.227,2.005
V-trigonal-bipyramid,1.832,1.63,1.454
V-trigonal-bipyramid,2.099,2.694,2.331
V-trigonal-bipyramid,1.723,2.025,1.951
V-trigonal-bipyramid,2.997,3,1.786
V-trigonal-bipyramid,2.638,1.858,1.628
V-trigonal-bipyramid,2.405,1.423,1.663
V-trigonal-bipyramid,2.226,2.53,3.15
V-trigonal-bipyramid,1.853,1.841,2.141
V-trigonal-bipyramid,2.452,1.696,1.69
V-trigonal-bipyramid,2.921,1.751,1.545
V-trigonal-bipyramid,2.919,1.518,1.592
V-trigonal-bipyramid,2.37,2.719,2.049
V-trigonal-bipyramid,1.67,1.79,1.98
V-trigonal-bipyramid,2.046,1.596,2.784
V-trigonal-bipyramid,2.105,2.229,1.264
V-trigonal-bipyramid,1.851,2.009,1.639
V-trigonal-bipyramid,2.134,1.91,2.074
V-trigonal-bipyramid,1.838,2.7,2.1
V-trigonal-bipyramid,1.922,3.231,2.055
V-trigonal-bipyramid,2.402,2.475,2.42
V-trigonal-bipyramid,2.393,2.277,1.946
V-trigonal-bipyramid,2.458,2.642,2.285
V-trigonal-bipyramid,1.687,2.373,1.473
V-trigonal-bipyramid,2.024,1.895,2.095
V-trigonal-bipyramid,2.577,2.683,2.501
V-trigonal-bipyramid,1.996,2.643,1.8
V-trigonal-bipyramid,3.104,2.503,1.976
V-trigonal-bipyramid,2.006,1.688,1.89
V-trigonal-bipyramid,1.908,2.472,1.725
V-trigonal-bipyramid,2.091,2.289,2.549
V-trigonal-bipyramid,3.056,2.107,2.442
V-trigonal-bipyramid,2.278,1.926,2.513
V-trigonal-bipyramid,2.372,2.392,2.632
V-trigonal-bipyramid,1.975,2.691,2.094
V-trigonal-bipyramid,2.509,2.052,2.581
V-trigonal-bipyramid,2.296,2.069,1.931
V-trigonal-bipyramid,2.623,2.907,1.748
V-trigonal-bipyramid,2.277,2.507,3.149
V-trigonal-bipyramid,2.03,3.075,2.733
V-trigonal-bipyramid,1.803,2.408,2.878
V-trigonal-bipyramid,2.646,2.555,1.791
V-trigonal-bipyramid,2.639,1.87,2.318
V-trigonal-bipyramid,2.389,2.332,1.626
V-trigonal-bipyramid,3.449,1.855,2.718
V-trigonal-bipyramid,2.428,2.841,2.359
V-trigonal-bipyramid,3.07,2.098,1.861
V-trigonal-bipyramid,2.09,2.771,1.904
V-trigonal-bipyramid,1.314,2.247,1.88
V-trigonal-bipyramid,2.132,1.738,2.28
V-trigonal-bipyramid,1.111,2.369,1.526
V-trigonal-bipyramid,2.557,2.262,2.862
V-trigonal-bipyramid,2.073,1.944,2.14
V-trigonal-bipyramid,1.914,2.521,1.599
V-trigonal-bipyramid,3.208,2.526,2.47
V-trigonal-bipyramid,1.93,1.896,2.13
V-trigonal-bipyramid,2.522,2.173,1.6
V-trigonal-bipyramid,2.362,3.054,2.121
V-trigonal-bipyramid,1.884,2.057,2.227
V-trigonal-bipyramid,3.234,2.274,1.646
V-trigonal-bipyramid,2.094,2.446,2.057
V-trigonal-bipyramid,1.934,1.702,2.095
V-trigonal-bipyramid,2.628,2.676,1.871
V-trigonal-bipyramid,2.027,2.256,2.676
V-trigonal-bipyramid,1.412,2.405,2.36
V-trigonal-bipyramid,2.44,3.163,2.632
V-trigonal-bipyramid,3.084,2.072,1.694
V-trigonal-bipyramid,2.707,3.41,2.553
V-trigonal-bipyramid,1.664,1.877,2.28
V-trigonal-bipyramid,1.641,2.857,2.593
V-trigonal-bipyramid,2.089,3.375,1.773
V-trigonal-bipyramid,2.164,2.672,1.97
V-trigonal-bipyramid,2.662,3.125,2.336
V-trigonal-bipyramid,1.804,2.446,2.099
V-trigonal-bipyramid,2.778,2.614,2.466
V-trigonal-bipyramid,2.086,3.308,2.097
V-trigonal-bipyramid,2.697,3.163,2.623
V-trigonal-bipyramid,1.598,2.38,2.179
V-trigonal-bipyramid,3.103,1.97,2.906
V-trigonal-bipyramid,2.798,1.251,2.231
V-trigonal-bipyramid,1.609,2.071,2.295
V-trigonal-bipyramid,2.368,2.892,1.782
V-trigonal-bipyramid,2.764,2.76,2.183
V-trigonal-bipyramid,2.438,1.736,2.028
V-trigonal-bipyramid,1.527,2.201,2.786
V-trigonal-bipyramid,2.22,2.476,2.472
V-trigonal-bipyramid,1.355,2.491,1.998
V-trigonal-bipyramid,1.746,2.088,2.168
V-trigonal-bipyramid,1.624,1.864,2.168
V-trigonal-bipyramid,2.68,3.196,1.926
V-trigonal-bipyramid,2.408,2.893,1.76
V-trigonal-bipyramid,2.322,1.675,1.7
V-trigonal-bipyramid,2.258,2.2,1.979
V-trigonal-bipyramid,1.937,3.046,2.619
V-trigonal-bipyramid,2.052,3.447,2.24
V-trigonal-bipyramid,2.271,2.768,2.284
V-trigonal-bipyramid,2.593,1.682,2.161
V-trigonal-bipyramid,3.16,1.892,2.658
V-trigonal-bipyramid,3.108,2.25,2.589
V-trigonal-bipyramid,1.852,2.209,1.859
V-trigonal-bipyramid,1.983,2.366,2.374
V-trigonal-bipyramid,2.114,3.176,2.889
V-trigonal-bipyramid,2.147,1.889,1.637
V-trigonal-bipyramid,2.015,2.27,1.794
V-trigonal-bipyramid,1.641,2.391,2.089
V-trigonal-bipyramid,1.915,2.405,2.018
V-trigonal-bipyramid,2.531,3.175,1.847
V-trigonal-bipyramid,2.323,2.687,2.257
V-trigonal-bipyramid,1.648,2.32,1.385
V-trigonal-bipyramid,2.805,2.46,2.436
V-trigonal-bipyramid,2.686,1.86,2.45
V-trigonal-bipyramid,2.006,2.413,1.738
V-trigonal-bipyramid,2.155,2.519,1.867
V-trigonal-bipyramid,1.736,2.019,1.758
V-trigonal-bipyramid,2.179,1.372,2.348
V-trigonal-bipyramid,2.328,2.835,1.86
V-trigonal-bipyramid,2.95,1.908,1.418
V-trigonal-bipyramid,1.813,1.803,1.972
V-trigonal-bipyramid,2.146,2.147,1.705
V-trigonal-bipyramid,2.812,1.651,1.482
V-trigonal-bipyramid,1.736,1.745,1.759
V-trigonal-bipyramid,2.574,1.248,1.681
V-trigonal-bipyramid,2.634,2.173,1.828
V-trigonal-bipyramid,2.863,2.284,3.022
V-trigonal-bipyramid,2.393,1.985,2.657
V-trigonal-bipyramid,2.909,2.629,1.488
V-trigonal-bipyramid,2.17,1.685,1.838
V-trigonal-bipyramid,2.371,1.691,1.15
V-trigonal-bipyramid,1.994,2.191,1.643
V-trigonal-bipyramid,2.713,1.357,2.745
V-trigonal-bipyramid,1.751,1.632,1.624
V-trigonal-bipyramid,2.765,1.826,2.105
V-trigonal-bipyramid,2.339,2.76,1.55
V-trigonal-bipyramid,2.28,2.237,1.681
V-trigonal-bipyramid,2.207,1.37,1.723
V-trigonal-bipyramid,2.335,2.304,1.655
V-trigonal-bipyramid,2.958,2.504,1.793
V-trigonal-bipyramid,2.399,2.162,2.132
V-trigonal-bipyramid,1.813,2.286,2.828
V-trigonal-bipyramid,2.338,2.009,1.746
V-trigonal-bipyramid,3.141,1.77,3.008
V-trigonal-bipyramid,2.855,2.003,2.334
V-trigonal-bipyramid,2.098,1.87,1.749
V-trigonal-bipyramid,2.726,1.707,2.958
V-trigonal-bipyramid,2.412,2.801,2.228
V-trigonal-bipyramid,3.079,1.928,2.444
V-trigonal-bipyramid,1.64,1.834,2.172
V-trigonal-bipyramid,2.351,2.314,2.652
V-trigonal-bipyramid,2.476,2.131,2.723
V-trigonal-bipyramid,1.894,2.776,2.546
V-trigonal-bipyramid,1.865,3.126,2.024
V-trigonal-bipyramid,2.396,1.683,2.864
V-trigonal-bipyramid,2.554,2.193,1.957
V-trigonal-bipyramid,1.722,2.293,2
V-trigonal-bipyramid,2.947,2.152,2.5
V-trigonal-bipyramid,2.403,1.93,2.944
V-trigonal-bipyramid,2.074,2.823,2.195
V-trigonal-bipyramid,2.189,1.925,1.904
V-trigonal-bipyramid,2.842,2.707,2.14
V-trigonal-bipyramid,2.964,2.948,2.474
V-trigonal-bipyramid,1.828,1.701,2.198
V-trigonal-bipyramid,1.896,3.151,2.331
V-trigonal-bipyramid,2.165,2.345,2.607
V-trigonal-bipyramid,2.451,2.479,2.727
V-trigonal-bipyramid,2.242,2.303,3.066
V-trigonal-bipyramid,3.218,1.755,1.676
V-trigonal-bipyramid,2.045,2.799,2.785
V-trigonal-bipyramid,2.06,2.182,2.397
V-trigonal-bipyramid,1.584,1.672,1.919
V-trigonal-bipyramid,2.408,2.628,2.194
V-trigonal-bipyramid,2.211,2.14,2.548
V-trigonal-bipyramid,2.447,2.141,1.964
V-trigonal-bipyramid,3.779,1.836,2.442
V-trigonal-bipyramid,2.269,2.471,1.968
V-trigonal-bipyramid,1.802,3.117,2.202
V-trigonal-bipyramid,2.478,3.225,2.529
V-trigonal-bipyramid,1.991,2.383,3.141
V-trigonal-bipyramid,2.352,2.723,2.725
V-trigonal-bipyramid,2.971,2.469,1.528
V-trigonal-bipyramid,2.761,2.758,2.279
V-trigonal-bipyramid,1.463,2.522,2.886
V-trigonal-bipyramid,2.823,2.551,2.238
V-trigonal-bipyramid,2.941,2.215,2.453
V-trigonal-bipyramid,2.256,2.33,1.973
V-trigonal-bipyramid,1.834,2.186,1.522
V-trigonal-bipyramid,2.54,2.425,3.011
V-trigonal-bipyramid,2.826,2.121,2.831
V-trigonal-bipyramid,2.586,2.612,1.813
V-trigonal-bipyramid,2.117,2.261,1.313
V-trigonal-bipyramid,2.709,2.684,1.684
V-trigonal-bipyramid,3.132,2.686,2.31
V-trigonal-bipyramid,3.234,2.636,2.67
V-trigonal-bipyramid,2.279,3.207,2.71
V-trigonal-bipyramid,2.768,2.62,1.907
V-trigonal-bipyramid,2.444,2.33,2.355
V-trigonal-bipyramid,2.193,2.674,2.261
V-trigonal-bipyramid,2.53,2.375,2.004
V-trigonal-bipyramid,2.919,2.152,1.367
V-trigonal-bipyramid,1.931,2.899,2.776
V-trigonal-bipyramid,2.676,2.151,2.107
V-trigonal-bipyramid,1.766,2.614,2.462
V-trigonal-bipyramid,2.835,1.585,3.432
V-trigonal-bipyramid,2.363,3.164,1.867
V-trigonal-bipyramid,3.205,2.545,2.608
V-trigonal-bipyramid,2.453,3.257,1.719
V-trigonal-bipyramid,3.276,2.416,2.259
V-trigonal-bipyramid,2.141,1.23,2.084
V-trigonal-bipyramid,2.566,3.25,3.533
V-trigonal-bipyramid,2.098,2.32,2.644
V-trigonal-bipyramid,1.784,2.628,2.413
V-trigonal-bipyramid,2.706,3.159,2.036
V-trigonal-bipyramid,1.198,2.424,2.929
V-trigonal-bipyramid,1.702,3.186,2.145
V-trigonal-bipyramid,2.479,2.534,2.233
V-trigonal-bipyramid,1.768,3.068,2.257
V-trigonal-bipyramid,2.482,2.178,1.818
V-trigonal-bipyramid,2.6,1.736,2.365
V-trigonal-bipyramid,2.425,3.194,3.278
V-trigonal-bipyramid,2.957,2.352,2.584
V-trigonal-bipyramid,1.955,2.457,3.038
V-trigonal-bipyramid,1.741,2.969,3.383
V-trigonal-bipyramid,1.795,2.072,2.598
V-trigonal-bipyramid,2.955,2.665,1.831
V-trigonal-bipyramid,2.185,2.568,2.251
V-trigonal-bipyramid,2.22,2.406,1.273
V-trigonal-bipyramid,2.606,2.954,3.224
V-trigonal-bipyramid,2.384,2.645,2.122
V-trigonal-bipyramid,2.619,2.727,2.884
V-trigonal-bipyramid,2.852,1.775,1.881
V-trigonal-bipyramid,1.401,1.777,1.953
V-trigonal-bipyramid,3.032,3.933,2.04
V-trigonal-bipyramid,2.041,2.217,1.775
V-trigonal-bipyramid,2.34,2.067,1.538
V-trigonal-bipyramid,2.133,2.799,2.988
V-trigonal-bipyramid,2.093,1.893,2.931
V-trigonal-bipyramid,2.247,2.322,2.818
V-trigonal-bipyramid,2.055,1.968,1.276
V-trigonal-bipyramid,2.773,2.598,2.27
V-trigonal-bipyramid,2.418,2.274,1.879
V-trigonal-bipyramid,2.804,3.152,2.185
V-trigonal-bipyramid,2.562,1.175,2.647
V-trigonal-bipyramid,2.383,2.845,1.832
V-trigonal-bipyramid,2.843,1.656,2.61
V-trigonal-bipyramid,2.411,2.928,2.447
V-trigonal-bipyramid,2.503,2.305,2.902
V-trigonal-bipyramid,3.241,2.967,2.307
V-trigonal-bipyramid,2.503,2.295,2.735
V-trigonal-bipyramid,2.621,2.597,3.022
V-trigonal-bipyramid,2.25,2.176,2.619
V-trigonal-bipyramid,2.28,2.768,1.763
V-trigonal-bipyramid,2.434,1.879,1.333
V-trigonal-bipyramid,1.855,2.448,3.316
V-trigonal-bipyramid,2.027,2.997,2.213
V-trigonal-bipyramid,1.969,2.377,2.4
V-trigonal-bipyramid,2.212,2.621,1.663
V-trigonal-bipyramid,2.835,2.234,1.98
V-trigonal-bipyramid,2.43,1.788,2.171
V-trigonal-bipyramid,2.971,1.624,2.353
V-trigonal-bipyramid,2.04,2.811,2.941
V-trigonal-bipyramid,2.487,2.692,3.68
V-trigonal-bipyramid,1.815,2.933,2.235
V-trigonal-bipyramid,1.9,2.565,1.918
V-trigonal-bipyramid,2.918,1.373,2.707
V-trigonal-bipyramid,2.611,1.953,2.336
V-trigonal-bipyramid,2.526,3.305,3.105
V-trigonal-bipyramid,1.405,2.586,2.551
V-trigonal-bipyramid,1.961,2.417,1.472
V-trigonal-bipyramid,2.001,2.331,2.357
V-trigonal-bipyramid,2.253,1.444,2.816
V-trigonal-bipyramid,2.687,2.699,3.313
V-trigonal-bipyramid,1.931,2.578,2.064
V-trigonal-bipyramid,3.076,2.278,2.291
V-trigonal-bipyramid,2.783,22.13,2.638
V-trigonal-bipyramid,1.219,13.494,3.239
V-trigonal-bipyramid,2.22,14.553,2.073
V-trigonal-bipyramid,3.194,14.213,2.423
V-trigonal-bipyramid,3.205,17.776,1.711
V-trigonal-bipyramid,2.826,17.965,3.128
V-trigonal-bipyramid,1.527,16.787,3.166
V-trigonal-bipyramid,1.607,17.278,2.46
V-trigonal-bipyramid,2.387,13.446,2.135
V-trigonal-bipyramid,2.578,14.481,2.588
V-trigonal-bipyramid,1.847,15.223,2.037
V-trigonal-bipyramid,3.119,14.805,3.174
V-trigonal-bipyramid,1.754,18.483,2.167
V-trigonal-bipyramid,2.422,14.411,2.374
V-trigonal-bipyramid,2.082,13.065,2.411
V-trigonal-bipyramid,2.187,16.441,2.385
V-trigonal-bipyramid,2.21,14.814,1.706
V-trigonal-bipyramid,2.776,16.2,1.841
V-trigonal-bipyramid,1.564,14.387,2.796
V-trigonal-bipyramid,2.483,14.014,2.014
V-trigonal-bipyramid,1.625,17.497,3.15
V-trigonal-bipyramid,2.667,20.211,3.087
V-trigonal-bipyramid,2.018,19.473,2.396
V-trigonal-bipyramid,2.151,18.771,2.216
V-trigonal-bipyramid,3.21,15.002,1.723
V-trigonal-bipyramid,1.849,19,2.416
V-trigonal-bipyramid,2.745,18.859,2.396
V-trigonal-bipyramid,2.408,19.4,2.608
V-trigonal-bipyramid,3.149,18.125,2.532
V-trigonal-bipyramid,1.772,17.972,2.521
V-trigonal-bipyramid,1.752,20.733,1.88
V-trigonal-bipyramid,2.058,20.338,2.87
V-trigonal-bipyramid,1.769,19.06,2.671
V-trigonal-bipyramid,1.278,20.406,2.222
V-trigonal-bipyramid,2.788,17.557,2.192
V-trigonal-bipyramid,1.322,19.904,2.161
V-trigonal-bipyramid,1.771,22.721,2.233
V-trigonal-bipyramid,1.499,16.24,2.667
V-trigonal-bipyramid,1.635,17.31,2.094
V-trigonal-bipyramid,1.743,13.322,2.189
V-trigonal-bipyramid,1.894,13.322,2.204
V-trigonal-bipyramid,2.126,17.174,2.791
V-trigonal-bipyramid,2.412,21.809,2.174
V-trigonal-bipyramid,2.486,18.41,2.032
V-trigonal-bipyramid,2.753,15.72,2.281
V-trigonal-bipyramid,2.044,14.695,2.268
V-trigonal-bipyramid,1.271,15.313,2.283
V-trigonal-bipyramid,2.13,20.689,2.473
V-trigonal-bipyramid,2.028,19.216,2.253
V-trigonal-bipyramid,2.851,18.942,2.884
V-trigonal-bipyramid,1.488,19.207,2.341
V-trigonal-bipyramid,2.686,28.478,2.582
V-trigonal-bipyramid,2.377,25.191,2.388
V-trigonal-bipyramid,2.229,28.433,2.702
V-trigonal-bipyramid,2.457,15.381,2.449
V-trigonal-bipyramid,1.906,29.196,2.935
V-trigonal-bipyramid,1.578,27.527,2.726
V-trigonal-bipyramid,2.449,26.698,2.938
V-trigonal-bipyramid,2.247,34.196,3.449
V-trigonal-bipyramid,2.001,22.34,2.923
V-trigonal-bipyramid,2.681,24.394,2.185
V-trigonal-bipyramid,2.094,29.54,1.905
V-trigonal-bipyramid,2.012,30.406,2.719
V-trigonal-bipyramid,2.388,28.14,2.121
V-trigonal-bipyramid,2.112,14.251,2.71
V-trigonal-bipyramid,2.094,23.897,2.345
V-trigonal-bipyramid,1.974,27.169,1.827
V-trigonal-bipyramid,1.442,31.06,2.458
V-trigonal-bipyramid,2.144,29.953,1.983
V-trigonal-bipyramid,1.627,16.13,2.042
V-trigonal-bipyramid,2.535,17.584,2.61
V-trigonal-bipyramid,3.003,19.362,1.879
V-trigonal-bipyramid,2.157,12.682,2.227
V-trigonal-bipyramid,1.535,36.136,3.014
V-trigonal-bipyramid,1.906,43.325,3.078
V-trigonal-bipyramid,2.401,45.281,2.831
V-trigonal-bipyramid,1.698,45.209,1.901
V-trigonal-bipyramid,2.19,48.165,2.335
V-trigonal-bipyramid,2.878,48.801,2.013
V-trigonal-bipyramid,1.982,41.26,2.339
V-trigonal-bipyramid,1.51,40.785,2.36
V-trigonal-bipyramid,1.891,46.309,2.756
V-trigonal-bipyramid,1.54,45.255,2.682
V-trigonal-bipyramid,2.957,46.331,2.788
V-trigonal-bipyramid,2.551,41.256,1.584
V-trigonal-bipyramid,2.027,46.444,2.864
V-trigonal-bipyramid,2.563,45.711,2.513
V-trigonal-bipyramid,2.277,35.285,2.56
V-trigonal-bipyramid,2.153,27.51,2.256
V-trigonal-bipyramid,1.981,9.251,2.594
V-trigonal-bipyramid,2.213,10.619,2.172
V-trigonal-bipyramid,2.446,34.967,1.587
V-trigonal-bipyramid,1.782,27.521,2.56
V-trigonal-bipyramid,2.291,33.304,1.766
V-trigonal-bipyramid,2.448,38.639,1.922
V-trigonal-bipyramid,1.532,45.091,1.857
V-trigonal-bipyramid,3.061,44.672,2.124
V-trigonal-bipyramid,2.4,41.219,2.177
V-trigonal-bipyramid,1.702,38.628,2.609
V-trigonal-bipyramid,1.56,39.814,2.008
V-trigonal-bipyramid,2.53,36.68,2.2
V-trigonal-bipyramid,2.815,34.013,2.051
V-trigonal-bipyramid,1.551,41.094,2.682
V-trigonal-bipyramid,2.393,37.142,2.253
V-trigonal-bipyramid,2.008,39.713,2.407
V-trigonal-bipyramid,1.636,40.475,2.752
V-trigonal-bipyramid,2.11,38.884,1.881
V-trigonal-bipyramid,1.886,35.173,2.476
V-trigonal-bipyramid,1.934,42.456,2.672
V-trigonal-bipyramid,1.856,43.839,2.522
V-trigonal-bipyramid,2.173,45.273,2.211
V-trigonal-bipyramid,2.141,48.446,1.86
V-trigonal-bipyramid,2.125,46.883,2.389
V-trigonal-bipyramid,1.87,48.344,2.146
V-trigonal-bipyramid,2.547,52.491,1.978
V-trigonal-bipyramid,1.813,53.021,2.865
V-trigonal-bipyramid,2.457,50.985,2.57
V-trigonal-bipyramid,2.392,49.469,1.84
V-trigonal-bipyramid,2.73,49.087,2.225
V-trigonal-bipyramid,2.514,46.475,3.217
V-trigonal-bipyramid,2.003,46.796,2.409
V-trigonal-bipyramid,2.709,48.892,2.194
V-trigonal-bipyramid,2.584,49.489,2.164
V-trigonal-bipyramid,2.205,46.599,2.241
V-trigonal-bipyramid,2.209,43.669,2.271
V-trigonal-bipyramid,2.032,39.9,2.4
V-trigonal-bipyramid,2.253,35.273,3
V-trigonal-bipyramid,1.961,42.794,1.96
V-trigonal-bipyramid,2.407,30.358,2.14
V-trigonal-bipyramid,2.538,45.476,2.31
V-trigonal-bipyramid,2.203,47.51,1.498
V-trigonal-bipyramid,1.322,44.806,2.048
V-trigonal-bipyramid,2.106,44.11,2.422
V-trigonal-bipyramid,2.44,44.15,2.201
V-trigonal-bipyramid,2.438,33.36,1.985
V-trigonal-bipyramid,2.478,37.037,1.9
V-trigonal-bipyramid,2.32,44.94,1.695
V-trigonal-bipyramid,2.782,44.215,1.954
V-trigonal-bipyramid,2.513,49.2,2.193
V-trigonal-bipyramid,1.992,49.847,2.01
V-trigonal-bipyramid,2.998,45.336,2.871
V-trigonal-bipyramid,1.643,49.239,1.928
V-trigonal-bipyramid,1.7,39.56,1.835
V-trigonal-bipyramid,2.158,46.509,2.057
V-trigonal-bipyramid,2.133,46.157,2.351
V-trigonal-bipyramid,2.451,43.754,2.638
V-trigonal-bipyramid,1.489,41.583,2.897
V-trigonal-bipyramid,2.279,38.515,2.989
V-trigonal-bipyramid,1.716,39.021,2.534
V-trigonal-bipyramid,3.18,27.454,3.014
V-trigonal-bipyramid,2.599,22.596,2.249
V-trigonal-bipyramid,2.109,23.261,2.267
V-trigonal-bipyramid,3.038,24.295,1.658
V-trigonal-bipyramid,1.454,25.624,2.558
V-trigonal-bipyramid,2.109,28.675,2.237
V-trigonal-bipyramid,2.562,23.245,2.271
V-trigonal-bipyramid,2.773,27.519,2.25
V-trigonal-bipyramid,1.851,36.003,2.23
V-trigonal-bipyramid,1.613,32.485,2.764
V-trigonal-bipyramid,2.129,43.897,2.073
V-trigonal-bipyramid,1.795,38.804,2.457
V-trigonal-bipyramid,2.071,33.586,2.08
V-trigonal-bipyramid,2.168,29.607,2.799
V-trigonal-bipyramid,2.021,38.257,2.082
V-trigonal-bipyramid,1.756,47.982,2.135
V-trigonal-bipyramid,1.936,36.281,2.406
V-trigonal-bipyramid,2.668,45.738,2.362
V-trigonal-bipyramid,2.057,44.017,2.401
V-trigonal-bipyramid,2.839,28.778,1.877
V-trigonal-bipyramid,2.272,35.294,2.565
V-trigonal-bipyramid,2.157,33.972,2.05
V-trigonal-bipyramid,1.6,42.85,1.668
V-trigonal-bipyramid,2.767,48.24,2.346
V-trigonal-bipyramid,1.682,42.004,1.943
V-trigonal-bipyramid,2.635,50.881,1.71
V-trigonal-bipyramid,1.848,46.33,1.737
V-trigonal-bipyramid,1.519,56.837,2.731
V-trigonal-bipyramid,2.003,55.355,2.947
V-trigonal-bipyramid,2.401,55.245,2.416
V-trigonal-bipyramid,2.575,42.585,2.744
V-trigonal-bipyramid,2.364,48.342,2.153
V-trigonal-bipyramid,1.482,66.077,2.73
V-trigonal-bipyramid,2.496,68.261,2.053
V-trigonal-bipyramid,1.508,51.823,2.145
V-trigonal-bipyramid,2.038,56.768,2.545
V-trigonal-bipyramid,1.653,55.955,2.455
V-trigonal-bipyramid,1.857,67.994,2.901
V-trigonal-bipyramid,2.523,55.187,2.882
V-trigonal-bipyramid,2.007,44.328,2.155
V-trigonal-bipyramid,2.783,61.662,2.044
V-trigonal-bipyramid,2.461,55.913,1.582
V-trigonal-bipyramid,1.987,64.41,3.089
V-trigonal-bipyramid,1.876,60.12,2.355
V-trigonal-bipyramid,1.856,54.186,2.086
V-trigonal-bipyramid,2.216,55.151,1.96
V-trigonal-bipyramid,2.423,48.652,1.748
V-trigonal-bipyramid,2.071,47.326,3.196
V-trigonal-bipyramid,2.189,47.819,2.499
V-trigonal-bipyramid,2.528,43.522,1.784
V-trigonal-bipyramid,2.368,48.117,2.494
V-trigonal-bipyramid,1.738,48.568,2.122
V-trigonal-bipyramid,1.819,52.497,1.663
V-trigonal-bipyramid,2.504,50.18,2.079
V-trigonal-bipyramid,1.375,53.219,1.659
V-trigonal-bipyramid,1.531,49.419,1.729
V-trigonal-bipyramid,2.69,47.718,2.082
V-trigonal-bipyramid,2.238,48.498,1.573
V-trigonal-bipyramid,1.844,45.431,2.578
V-trigonal-bipyramid,1.82,46.301,1.058
V-trigonal-bipyramid,1.859,44.5,3.34
V-trigonal-bipyramid,1.327,33.968,2.207
V-trigonal-bipyramid,1.374,23.138,2.943
V-trigonal-bipyramid,2.945,33.524,2.418
V-trigonal-bipyramid,2.073,26.044,2.27
V-trigonal-bipyramid,2.078,27.338,2.819
V-trigonal-bipyramid,2.049,29.083,2.597
V-trigonal-bipyramid,2.783,25.527,2.465
V-trigonal-bipyramid,1.585,31.342,2.246
V-trigonal-bipyramid,1.874,31.719,2.246
V-trigonal-bipyramid,2.267,33.254,1.849
V-trigonal-bipyramid,2.602,35.414,3.353
V-trigonal-bipyramid,2.092,38.323,2.263
V-trigonal-bipyramid,2.022,31.397,2.556
V-trigonal-bipyramid,2.385,37.366,2.203
V-trigonal-bipyramid,2.293,35.925,2.234
V-trigonal-bipyramid,1.916,50.893,2.494
V-trigonal-bipyramid,2.535,47.451,2.526
V-trigonal-bipyramid,2.428,42.115,3.129
V-trigonal-bipyramid,1.887,46.2,1.865
V-trigonal-bipyramid,3.191,37.184,3.091
V-trigonal-bipyramid,1.959,40.949,2.494
V-trigonal-bipyramid,2.533,46.694,1.72
V-trigonal-bipyramid,2.818,45.126,2.14
V-trigonal-bipyramid,2.774,39.515,2.342
V-trigonal-bipyramid,2.312,42.842,1.852
V-trigonal-bipyramid,2.285,46.405,2.349
V-trigonal-bipyramid,1.672,37.348,2.15
V-trigonal-bipyramid,2.371,45.23,1.358
V-trigonal-bipyramid,2.242,42.451,2.377
V-trigonal-bipyramid,2.093,36.854,2.235
V-trigonal-bipyramid,2.047,36.338,1.768
V-trigonal-bipyramid,1.587,41.927,1.686
V-trigonal-bipyramid,1.993,47.694,2.483
V-trigonal-bipyramid,2.868,50.482,2.984
V-trigonal-bipyramid,2.444,48.288,2.836
V-trigonal-bipyramid,1.845,46.481,1.977
V-trigonal-bipyramid,1.662,47.317,2.784
V-trigonal-bipyramid,1.946,57.033,2.338
V-trigonal-bipyramid,1.237,51.291,3.269
V-trigonal-bipyramid,2.604,61.259,3.099
V-trigonal-bipyramid,3.746,60.479,1.857
V-trigonal-bipyramid,1.885,55.018,1.937
V-trigonal-bipyramid,1.563,55.049,2.581
V-trigonal-bipyramid,2.186,52.044,2.605
V-trigonal-bipyramid,2.835,47.633,2.609
V-trigonal-bipyramid,1.717,43.964,2.051
V-trigonal-bipyramid,2.139,55.166,1.829
V-trigonal-bipyramid,2.724,56.616,2.418
V-trigonal-bipyramid,2.706,54.189,2.119
V-trigonal-bipyramid,2.356,51.581,3.115
V-trigonal-bipyramid,2.312,47.643,2.443
V-trigonal-bipyramid,1.509,63.235,2.625
V-trigonal-bipyramid,2.606,81.606,2.173
V-trigonal-bipyramid,2.203,72.356,2.641
V-trigonal-bipyramid,2.069,70.026,1.65
V-trigonal-bipyramid,2.344,41.546,1.944
V-trigonal-bipyramid,2.978,38.694,2.376
V-trigonal-bipyramid,1.511,52.458,1.864
V-trigonal-bipyramid,2.189,57.079,2.748
V-trigonal-bipyramid,2.14,68.105,1.881
V-trigonal-bipyramid,2.277,77.538,1.738
V-trigonal-bipyramid,2.315,86.713,1.468
V-trigonal-bipyramid,1.955,90.36,1.601
V-trigonal-bipyramid,2.78,89.5,1.655
V-trigonal-bipyramid,2.1,88.854,2.016
V-trigonal-bipyramid,2.282,91.86,2.773
V-trigonal-bipyramid,2.378,81.99,2.88
V-trigonal-bipyramid,2.441,90.755,2.165
V-trigonal-bipyramid,1.847,90.224,1.68
V-trigonal-bipyramid,2.039,89.254,2.576
V-trigonal-bipyramid,2.034,87.51,2.269
V-trigonal-bipyramid,2.606,90.409,2.305
V-trigonal-bipyramid,2.083,91.068,1.751
V-trigonal-bipyramid,1.958,84.177,1.527
V-trigonal-bipyramid,1.776,88.932,1.995
V-trigonal-bipyramid,1.85,86.503,3.036
V-trigonal-bipyramid,1.646,81.857,2.208
V-trigonal-bipyramid,2.325,87.125,2.743
V-trigonal-bipyramid,2.132,81.765,2.378
V-trigonal-bipyramid,1.796,86.979,2.529
V-trigonal-bipyramid,2.965,88.719,2.816
V-trigonal-bipyramid,2.502,83.545,2.143
V-trigonal-bipyramid,2.082,84.929,2.555
V-trigonal-bipyramid,1.976,86.417,1.81
V-trigonal-bipyramid,1.676,89.757,1.833
V-trigonal-bipyramid,1.964,88.395,2.58
V-trigonal-bipyramid,3.076,89.42,2.408
V-trigonal-bipyramid,3.264,90.012,2.047
V-trigonal-bipyramid,2.067,83.703,2.326
V-trigonal-bipyramid,2.033,79.647,2.056
V-trigonal-bipyramid,2.105,74.061,2.28
V-trigonal-bipyramid,1.815,70.753,1.506
V-trigonal-bipyramid,1.861,68.719,2.263
V-trigonal-bipyramid,2.004,70.946,2.138
V-trigonal-bipyramid,1.736,73.458,2.272
V-trigonal-bipyramid,1.758,79.898,1.608
V-trigonal-bipyramid,1.927,81.484,2.995
V-trigonal-bipyramid,1.824,73.966,2.909
V-trigonal-bipyramid,2.597,80.189,2.692
V-trigonal-bipyramid,1.226,84.198,2.143
V-trigonal-bipyramid,2.517,82.988,1.555
V-trigonal-bipyramid,2.325,85.039,2.26
V-trigonal-bipyramid,1.995,76.701,1.438
V-trigonal-bipyramid,2.04,79.505,1.431
V-trigonal-bipyramid,1.815,82.202,2.243
V-trigonal-bipyramid,1.776,82.689,2.344
V-trigonal-bipyramid,2.286,85.834,2.253
V-trigonal-bipyramid,1.578,79.248,1.713
V-trigonal-bipyramid,2.008,80.354,2.303
V-trigonal-bipyramid,2.521,81.2,2.133
V-trigonal-bipyramid,1.626,83.056,2.56
V-trigonal-bipyramid,2.374,80.676,3.245
V-trigonal-bipyramid,2.963,80.665,2.53
V-trigonal-bipyramid,2.532,93.208,2.015
V-trigonal-bipyramid,2.252,84.03,2.365
V-trigonal-bipyramid,2.128,85.933,1.745
V-trigonal-bipyramid,2.958,85.126,1.352
V-trigonal-bipyramid,1.683,87.77,2.009
V-trigonal-bipyramid,1.907,90.28,2.192
V-trigonal-bipyramid,1.832,84.38,1.719
V-trigonal-bipyramid,2.737,79.003,2.747
V-trigonal-bipyramid,1.634,81.904,2.286
V-trigonal-bipyramid,2.305,83.596,2.757
V-trigonal-bipyramid,2.198,83.128,2.051
V-trigonal-bipyramid,2.365,78.612,2.074
V-trigonal-bipyramid,2.659,73.821,1.468
V-trigonal-bipyramid,1.61,78.106,2.55
V-trigonal-bipyramid,2.133,74.044,2.158
V-trigonal-bipyramid,2.897,81.332,3.281
V-trigonal-bipyramid,1.614,85.03,1.753
V-trigonal-bipyramid,2.251,87.355,1.93
V-trigonal-bipyramid,1.706,87.267,2.52
V-trigonal-bipyramid,2.433,78.155,2.314
V-trigonal-bipyramid,2.665,83.55,2.078
V-trigonal-bipyramid,1.692,80.378,1.927
V-trigonal-bipyramid,2.062,79.737,2.415
V-trigonal-bipyramid,2.084,74.917,2.013
V-trigonal-bipyramid,2.052,68.932,2.133
V-trigonal-bipyramid,2.049,66.096,3.05
V-trigonal-bipyramid,2.375,67.254,2.813
V-trigonal-bipyramid,2.02,74.603,2.104
V-trigonal-bipyramid,1.918,82.867,2.003
V-trigonal-bipyramid,2.014,77.957,2.161
V-trigonal-bipyramid,2.399,79.101,2.289
V-trigonal-bipyramid,1.798,78.638,1.669
V-trigonal-bipyramid,2.174,82.595,2.44
V-trigonal-bipyramid,2.096,82.268,2.14
V-trigonal-bipyramid,1.734,83.895,1.76
V-trigonal-bipyramid,2.236,83.196,2.414
V-trigonal-bipyramid,2.08,82.185,3.078
V-trigonal-bipyramid,2.237,85.643,2.199
V-trigonal-bipyramid,1.675,87.984,2.395
V-trigonal-bipyramid,1.84,90.536,2.591
V-trigonal-bipyramid,2.204,88.358,2.461
V-trigonal-bipyramid,2.027,87.931,1.908
V-trigonal-bipyramid,1.77,88.327,2.541
V-trigonal-bipyramid,1.862,88.727,1.983
V-trigonal-bipyramid,2.877,91.412,2.702
V-trigonal-bipyramid,1.757,89.17,2.468
V-trigonal-bipyramid,2.055,86.007,1.735
V-trigonal-bipyramid,2.43,87.437,2.151
V-trigonal-bipyramid,1.781,85.16,2.839
V-trigonal-bipyramid,2.396,89.192,2.281
V-trigonal-bipyramid,1.478,88.372,1.979
V-trigonal-bipyramid,1.95,89.506,2.342
V-trigonal-bipyramid,2.062,89.159,1.996
V-trigonal-bipyramid,1.68,86.725,2.294
V-trigonal-bipyramid,2.542,88.145,2.756
V-trigonal-bipyramid,2.597,83.959,2.78
V-trigonal-bipyramid,1.529,89.963,2.68
V-trigonal-bipyramid,2.224,89.847,3.403
V-trigonal-bipyramid,2.25,89.419,1.977
V-trigonal-bipyramid,2.574,84.55,2.384
V-trigonal-bipyramid,1.985,86.723,1.926
V-trigonal-bipyramid,1.808,89.45,2.571
V-trigonal-bipyramid,1.685,87.611,2.177
V-trigonal-bipyramid,1.594,83.838,1.863
V-trigonal-bipyramid,2.877,87.073,3.451
V-trigonal-bipyramid,2.521,82.382,2.654
V-trigonal-bipyramid,2.032,78.86,2.284
V-trigonal-bipyramid,2.119,82.225,2.121
V-trigonal-bipyramid,1.838,82.954,2.891
V-trigonal-bipyramid,1.823,78.593,3.002
V-trigonal-bipyramid,2.596,83.633,2.047
V-trigonal-bipyramid,1.775,86.736,3.23
V-trigonal-bipyramid,1.678,82.141,2.851
V-trigonal-bipyramid,2.521,72.603,2.194
V-trigonal-bipyramid,1.976,82.971,1.89
V-trigonal-bipyramid,2.517,85.618,2.785
V-trigonal-bipyramid,1.599,86.371,2.76
V-trigonal-bipyramid,1.419,84.47,2.481
V-trigonal-bipyramid,1.934,86.122,2.29
V-trigonal-bipyramid,2.821,83.015,2.767
V-trigonal-bipyramid,1.392,87.349,2.378
V-trigonal-bipyramid,2.284,89.102,2.038
V-trigonal-bipyramid,1.614,91.291,3.077
V-trigonal-bipyramid,1.847,85.471,1.815
V-trigonal-bipyramid,2.326,85.545,2.359
V-trigonal-bipyramid,1.963,86.528,2.148
V-trigonal-bipyramid,2.171,95.335,2.047
V-trigonal-bipyramid,1.978,95.162,1.619
V-trigonal-bipyramid,1.952,82.519,2.443
V-trigonal-bipyramid,1.955,93.818,2.097
V-trigonal-bipyramid,2.357,93.599,2.434
V-trigonal-bipyramid,1.155,91.14,2.436
V-trigonal-bipyramid,1.623,92.084,2.067
V-trigonal-bipyramid,1.915,73.682,2.733
V-trigonal-bipyramid,1.724,92.431,1.844
V-trigonal-bipyramid,1.911,95.067,2.204
V-trigonal-bipyramid,2.582,93.394,1.664
V-trigonal-bipyramid,1.593,94.792,2.533
V-trigonal-bipyramid,2.304,94.706,2.261
V-trigonal-bipyramid,1.676,92.324,2.435
V-trigonal-bipyramid,2.138,93.455,1.644
V-trigonal-bipyramid,1.562,94.275,2.249
V-trigonal-bipyramid,2.883,93.08,3.289
V-trigonal-bipyramid,1.073,91.552,1.934
V-trigonal-bipyramid,2.611,87.29,2.439
V-trigonal-bipyramid,2.73,91.365,2.084
V-trigonal-bipyramid,2.02,84.576,1.956
V-trigonal-bipyramid,1.581,92.05,2.832
V-trigonal-bipyramid,2.173,87.613,2.87
V-trigonal-bipyramid,2.15,94.5,3.071
V-trigonal-bipyramid,1.977,92.001,2.556
V-trigonal-bipyramid,2.748,90.608,2.892
V-trigonal-bipyramid,1.81,89.49,3.281
V-trigonal-bipyramid,3.189,89.067,3.084
V-trigonal-bipyramid,1.502,92.09,2.117
V-trigonal-bipyramid,1.324,92.232,1.523
V-trigonal-bipyramid,1.907,88.922,2.411
V-trigonal-bipyramid,2.276,85.864,1.704
V-trigonal-bipyramid,1.711,82.698,3.453
V-trigonal-bipyramid,1.933,93.499,1.952
V-trigonal-bipyramid,1.901,87.397,2.494
V-trigonal-bipyramid,2.842,53.179,3.501
V-trigonal-bipyramid,1.726,76.859,2.826
V-trigonal-bipyramid,1.485,62.173,2.435
V-trigonal-bipyramid,2.301,67.686,2.504
V-trigonal-bipyramid,1.915,70.917,2.185
V-trigonal-bipyramid,1.893,84.608,2.727
V-trigonal-bipyramid,2.125,77.048,3.118
V-trigonal-bipyramid,2.314,79.456,2.607
V-trigonal-bipyramid,1.444,83.683,1.505
V-trigonal-bipyramid,1.506,87.087,3.675
V-trigonal-bipyramid,2.008,80.946,2.76
V-trigonal-bipyramid,2.297,84.49,2.265
V-trigonal-bipyramid,1.159,78.811,2.689
V-trigonal-bipyramid,2.618,85.162,2.194
V-trigonal-bipyramid,1.712,80.35,2.515
V-trigonal-bipyramid,1.606,84.982,3.749
V-trigonal-bipyramid,2.122,85.225,2.753
V-trigonal-bipyramid,2.307,81.302,3.214
V-trigonal-bipyramid,2.413,80.846,2.381
V-trigonal-bipyramid,1.291,77.749,2.036
V-trigonal-bipyramid,2.298,79.565,1.945
V-trigonal-bipyramid,1.944,75.552,1.84
V-trigonal-bipyramid,1.865,78.374,2.666
V-trigonal-bipyramid,2.404,78.859,2.004
V-trigonal-bipyramid,1.837,83.272,1.775
V-trigonal-bipyramid,2.224,77.231,1.637
V-trigonal-bipyramid,2.066,82.707,2.18
V-trigonal-bipyramid,1.782,75.21,2.23
V-trigonal-bipyramid,1.787,82.393,1.714
V-trigonal-bipyramid,1.698,80.765,2.821
V-trigonal-bipyramid,1.743,78.142,2.217
V-trigonal-bipyramid,2.043,79.124,3.037
V-trigonal-bipyramid,2.253,75.303,3.121
V-trigonal-bipyramid,1.76,76.748,2.12
V-trigonal-bipyramid,2.415,78.366,2.339
V-trigonal-bipyramid,1.858,76.728,2.069
V-trigonal-bipyramid,2.469,80.789,2.512
V-trigonal-bipyramid,2.008,74.854,2.582
V-trigonal-bipyramid,1.686,81.157,2.633
V-trigonal-bipyramid,1.834,78.769,2.271
V-trigonal-bipyramid,2.111,81.589,1.654
V-trigonal-bipyramid,1.772,79.875,1.504
V-trigonal-bipyramid,1.983,82.458,1.545
V-trigonal-bipyramid,2.728,79.926,2.343
V-trigonal-bipyramid,1.987,81.834,2.293
V-trigonal-bipyramid,1.931,78.657,2.897
V-trigonal-bipyramid,1.168,87.504,2.051
V-trigonal-bipyramid,1.989,87.265,2.29
V-trigonal-bipyramid,2.376,92.857,2.387
V-trigonal-bipyramid,1.678,90.407,1.924
V-trigonal-bipyramid,1.696,89.619,2.375
V-trigonal-bipyramid,1.486,79.724,2.474
V-trigonal-bipyramid,2.217,85.451,2.524
V-trigonal-bipyramid,1.636,73.777,2.44
V-trigonal-bipyramid,2.192,83.195,2.841
V-trigonal-bipyramid,2.773,80.33,2.023
V-trigonal-bipyramid,2.597,81.717,2.818
V-trigonal-bipyramid,1.95,79.941,3.083
V-trigonal-bipyramid,2.544,77.995,2.75
V-trigonal-bipyramid,1.401,78.722,2.026
V-trigonal-bipyramid,2.18,70.795,2.474
V-trigonal-bipyramid,1.864,73.275,2.088
V-trigonal-bipyramid,2.209,69.354,1.798
V-trigonal-bipyramid,3.178,72.939,2.811
V-trigonal-bipyramid,1.816,77.914,2.257
V-trigonal-bipyramid,2.087,83.48,3.009
V-trigonal-bipyramid,3.191,81.374,3.013
V-trigonal-bipyramid,2.846,93.349,2.545
V-trigonal-bipyramid,2.712,79.344,2.405
V-trigonal-bipyramid,1.43,82.584,2.337
V-trigonal-bipyramid,1.845,77.849,2.786
V-trigonal-bipyramid,1.674,81.21,4.137
V-trigonal-bipyramid,1.656,80.59,2.096
V-trigonal-bipyramid,2.712,84.411,2.521
V-trigonal-bipyramid,1.977,81.767,2.044
V-trigonal-bipyramid,2.352,82.866,3.123
V-trigonal-bipyramid,1.65,84.807,3.029
V-trigonal-bipyramid,3.068,80.039,2.464
V-trigonal-bipyramid,1.631,84.692,2.497
V-trigonal-bipyramid,1.524,87.114,2.787
V-trigonal-bipyramid,1.696,84.571,1.412
V-trigonal-bipyramid,1.552,87.453,1.778
V-trigonal-bipyramid,1.811,88.318,2.889
V-trigonal-bipyramid,2.586,84.082,2.403
V-trigonal-bipyramid,1.663,86.719,2.555
V-trigonal-bipyramid,2.107,85.925,2.31
V-trigonal-bipyramid,2.191,87.07,2.262
V-trigonal-bipyramid,1.812,86.344,3.194
V-trigonal-bipyramid,2.393,85.247,2.114
V-trigonal-bipyramid,2.56,83.759,1.873
V-trigonal-bipyramid,2.042,85.633,3.124
V-trigonal-bipyramid,2.893,84.602,1.8
V-trigonal-bipyramid,2.342,85.197,1.962
V-trigonal-bipyramid,2.15,85.812,1.851
V-trigonal-bipyramid,2.158,84.98,2.008
V-trigonal-bipyramid,1.933,83.723,2.42
V-trigonal-bipyramid,1.967,82.993,2.616
V-trigonal-bipyramid,1.914,82.346,2.408
V-trigonal-bipyramid,2.013,81.252,1.658
V-trigonal-bipyramid,1.836,82.616,2.914
V-trigonal-bipyramid,1.98,78.028,1.65
V-trigonal-bipyramid,2.47,77.167,2.692
V-trigonal-bipyramid,2.295,78.412,2.871
V-trigonal-bipyramid,2.408,81.755,1.772
V-trigonal-bipyramid,2.267,79.811,2.404
V-trigonal-bipyramid,1.999,79.945,2.674
V-trigonal-bipyramid,2.914,84.765,2.268
V-trigonal-bipyramid,2.354,79.953,2.531
V-trigonal-bipyramid,2.209,77.447,2.277
V-trigonal-bipyramid,1.493,43.386,2.711
V-trigonal-bipyramid,2.038,53.429,2.348
V-trigonal-bipyramid,2.065,74.949,2.574
V-trigonal-bipyramid,1.493,74.97,3.099
V-trigonal-bipyramid,2.272,77.77,3.271
V-trigonal-bipyramid,2.171,71.231,2.372
V-trigonal-bipyramid,2.504,90.786,1.541
V-trigonal-bipyramid,1.942,87.576,2.68
V-trigonal-bipyramid,2.022,83.475,1.988
V-trigonal-bipyramid,1.469,77.395,3.595
V-trigonal-bipyramid,1.903,75.484,2.888
V-trigonal-bipyramid,2.349,72.772,2.755
V-trigonal-bipyramid,1.752,74.431,2.817
V-trigonal-bipyramid,2.866,70.742,2.273
V-trigonal-bipyramid,2.449,60.901,2.805
V-trigonal-bipyramid,2.425,66.583,2.179
V-trigonal-bipyramid,2.123,71.583,2.184
V-trigonal-bipyramid,2.127,76.534,2.282
V-trigonal-bipyramid,2.06,76.558,1.735
V-trigonal-bipyramid,2.586,75.782,2.826
V-trigonal-bipyramid,2.688,71.315,1.998
V-trigonal-bipyramid,2.571,65.777,1.567
V-trigonal-bipyramid,2.125,60.459,1.674
V-trigonal-bipyramid,1.946,36.672,2.798
V-trigonal-bipyramid,2.433,55.086,2.737
V-trigonal-bipyramid,1.706,38.388,2.825
V-trigonal-bipyramid,1.623,44.899,2.482
V-trigonal-bipyramid,2.012,60.442,2.852
V-trigonal-bipyramid,2.303,50.226,2.634
V-trigonal-bipyramid,1.783,57.811,1.893
V-trigonal-bipyramid,2.392,36.025,1.81
V-trigonal-bipyramid,2.471,70.736,2.253
V-trigonal-bipyramid,2.134,70.774,2.811
V-trigonal-bipyramid,2.213,93.176,2.405
V-trigonal-bipyramid,1.825,87.339,2.806
V-trigonal-bipyramid,2.226,76.421,2.353
V-trigonal-bipyramid,2.052,82.42,2.617
V-trigonal-bipyramid,1.226,73.302,2.355
V-trigonal-bipyramid,1.607,89.174,2.416
V-trigonal-bipyramid,2.775,82.638,2.125
V-trigonal-bipyramid,2.193,85.538,2.531
V-trigonal-bipyramid,2.126,76.518,3.074
V-trigonal-bipyramid,1.496,85.988,3.026
V-trigonal-bipyramid,2.492,88.073,2.629
V-trigonal-bipyramid,1.463,92.773,2.984
V-trigonal-bipyramid,1.465,92.146,2.304
V-trigonal-bipyramid,1.905,91.59,2.753
V-trigonal-bipyramid,1.598,91.973,2.735
V-trigonal-bipyramid,2.007,90.553,2.812
V-trigonal-bipyramid,2.332,91.188,2.874
V-trigonal-bipyramid,2.246,86.538,2.325
V-trigonal-bipyramid,2.546,87.301,2.093
V-trigonal-bipyramid,2.87,91.249,3.179
V-trigonal-bipyramid,2.077,89.478,2.691
V-trigonal-bipyramid,2.384,85.956,2.737
V-trigonal-bipyramid,1.546,83.45,2.843
V-trigonal-bipyramid,1.796,84.248,3.253
V-trigonal-bipyramid,2.015,80.355,2.52
V-trigonal-bipyramid,2.048,75.642,3.112
V-trigonal-bipyramid,2.884,77.908,3.304
V-trigonal-bipyramid,1.869,84.726,2.597
V-trigonal-bipyramid,1.968,79.509,2.71
V-trigonal-bipyramid,1.655,78.26,3.258
V-trigonal-bipyramid,2.358,84.062,2.147
V-trigonal-bipyramid,1.71,93.774,2.343
V-trigonal-bipyramid,2.613,88.79,2.819
V-trigonal-bipyramid,3.093,88.444,1.998
V-trigonal-bipyramid,2.285,83.684,3.585
V-trigonal-bipyramid,2.335,83.073,3.044
V-trigonal-bipyramid,1.745,80.363,2.839
V-trigonal-bipyramid,1.931,84.477,2.976
V-trigonal-bipyramid,1.247,84.165,2.376
V-trigonal-bipyramid,2.096,82.566,2.754
V-trigonal-bipyramid,2.714,81.239,3.131
V-trigonal-bipyramid,1.913,83.559,2.408
V-trigonal-bipyramid,1.884,78.792,3.323
V-trigonal-bipyramid,2.591,75.967,2.228
V-trigonal-bipyramid,2.373,50.21,1.667
V-trigonal-bipyramid,2.463,56.916,2.602
V-trigonal-bipyramid,2.406,50.519,3.4
V-trigonal-bipyramid,1.778,46.451,2.112
V-trigonal-bipyramid,1.895,35.457,2.557
V-trigonal-bipyramid,1.579,38.237,3.217
V-trigonal-bipyramid,1.996,33.143,3.188
V-trigonal-bipyramid,1.997,35.711,3.491
V-trigonal-bipyramid,2.059,32.306,3.337
V-trigonal-bipyramid,2.01,29.966,1.967
V-trigonal-bipyramid,1.776,25.274,2.929
V-trigonal-bipyramid,1.657,28.177,3.19
V-trigonal-bipyramid,2.064,38.604,2.508
V-trigonal-bipyramid,2.369,40.309,2.82
V-trigonal-bipyramid,1.803,65.235,3.163
V-trigonal-bipyramid,2.367,93.039,3.054
V-trigonal-bipyramid,2.47,91.124,2.496
V-trigonal-bipyramid,2.148,91.927,3.052
V-trigonal-bipyramid,2.364,92.735,2.758
V-trigonal-bipyramid,1.689,90.907,3.298
V-trigonal-bipyramid,2.79,88.05,2.887
V-trigonal-bipyramid,2.66,87.75,4.073
V-trigonal-bipyramid,2.627,88.087,3.313
V-trigonal-bipyramid,2.514,85.593,2.8
V-trigonal-bipyramid,1.578,83.737,2.621
V-trigonal-bipyramid,2.132,84.185,2.39
V-trigonal-bipyramid,2.343,87.664,3.217
V-trigonal-bipyramid,2.488,86.359,2.723
V-trigonal-bipyramid,1.864,80.997,3.225
V-trigonal-bipyramid,2.362,86.941,3.225
V-trigonal-bipyramid,1.82,87.427,2.682
V-trigonal-bipyramid,2.588,86.116,2.289
V-trigonal-bipyramid,2.601,94.207,2.449
V-trigonal-bipyramid,1.619,90.415,2.406
V-trigonal-bipyramid,1.729,82.411,3.041
V-trigonal-bipyramid,1.988,70.952,3.228
V-trigonal-bipyramid,1.535,87.741,2.952
V-trigonal-bipyramid,2.576,77.976,2.818
V-trigonal-bipyramid,2.576,79.701,2.294
V-trigonal-bipyramid,1.781,86.413,2.073
V-trigonal-bipyramid,2.12,86.852,2.133
V-trigonal-bipyramid,2.285,83.679,2.261
V-trigonal-bipyramid,2.005,80.828,2.467
V-trigonal-bipyramid,2.371,71.65,2.707
V-trigonal-bipyramid,1.346,91.073,2.257
V-trigonal-bipyramid,2.013,86.714,2.935
V-trigonal-bipyramid,3.227,87.577,2.513
V-trigonal-bipyramid,2.641,84.686,2.746
V-trigonal-bipyramid,2.891,79.016,2.673
V-trigonal-bipyramid,2.086,84.227,2.196
V-trigonal-bipyramid,2.637,80.042,3.066
V-trigonal-bipyramid,2.134,78.361,2.374
V-trigonal-bipyramid,2.052,75.827,2.589
V-trigonal-bipyramid,2.537,80.767,2.493
V-trigonal-bipyramid,1.955,81.636,2.867
V-trigonal-bipyramid,2.825,74.691,2.03
V-trigonal-bipyramid,1.534,79.143,2.489
V-trigonal-bipyramid,2.412,73.835,3.4
V-trigonal-bipyramid,1.401,71.254,3.099
V-trigonal-bipyramid,2.282,79.448,2.89
V-trigonal-bipyramid,2.723,79.088,3.118
V-trigonal-bipyramid,2.216,85.118,2.622
V-trigonal-bipyramid,2.318,82.184,2.507
V-trigonal-bipyramid,1.915,81.089,3.193
V-trigonal-bipyramid,1.688,88.458,2.541
V-trigonal-bipyramid,1.714,84.578,2.703
V-trigonal-bipyramid,3.146,89.41,2.847
V-trigonal-bipyramid,1.922,92.679,2.308
V-trigonal-bipyramid,1.631,91.149,2.754
V-trigonal-bipyramid,2.008,86.593,3.518
V-trigonal-bipyramid,1.993,83.141,3.107
V-trigonal-bipyramid,1.802,90.228,1.748
V-trigonal-bipyramid,2.888,90.85,3.559
V-trigonal-bipyramid,2.453,68.104,3.376
V-trigonal-bipyramid,2.276,59.859,2.333
V-trigonal-bipyramid,1.7,38.251,2.513
V-trigonal-bipyramid,2.433,57.916,2.581
V-trigonal-bipyramid,2.266,51.085,2.995
V-trigonal-bipyramid,2.42,71.784,2.026
V-trigonal-bipyramid,2.137,73.594,2.394
V-trigonal-bipyramid,2.121,74.929,3.224
V-trigonal-bipyramid,1.777,78.099,2.119
V-trigonal-bipyramid,1.93,66.558,2.494
V-trigonal-bipyramid,2.109,60.687,1.918
V-trigonal-bipyramid,2.582,65.243,2.565
V-trigonal-bipyramid,2.698,55.472,2.48
V-trigonal-bipyramid,2.748,36.356,2.744
V-trigonal-bipyramid,1.896,36.26,2.841
V-trigonal-bipyramid,1.817,25.353,2.28
V-trigonal-bipyramid,2.307,42.466,2.199
V-trigonal-bipyramid,1.373,42.647,3.173
V-trigonal-bipyramid,1.656,43.461,2.178
V-trigonal-bipyramid,2.005,62.551,2.905
V-trigonal-bipyramid,1.944,56.078,3.292
V-trigonal-bipyramid,1.435,54.896,2.715